x(mm),Q (W/m2)
0,1.14E+06
3.036,9.87E+05
6.06900000000002,7.75E+05
9.09800000000001,6.44E+05
12.123,5.67E+05
15.145,5.54E+05
18.163,5.44E+05
21.178,5.33E+05
24.189,5.22E+05
27.196,5.11E+05
30.199,5.02E+05
33.199,4.94E+05
36.196,4.86E+05
39.188,4.79E+05
42.178,4.73E+05
45.163,4.68E+05
48.145,4.62E+05
51.123,4.58E+05
54.098,4.53E+05
57.069,4.49E+05
60.037,4.45E+05
63.001,4.41E+05
65.961,4.38E+05
68.918,4.35E+05
71.872,4.32E+05
74.821,4.29E+05
77.768,4.26E+05
80.71,4.23E+05
83.649,4.21E+05
86.585,4.18E+05
89.517,4.16E+05
92.446,4.14E+05
95.371,4.11E+05
98.292,4.09E+05
101.21,4.07E+05
104.124,4.05E+05
107.035,4.03E+05
109.943,4.02E+05
112.847,4.00E+05
115.747,3.98E+05
118.644,3.97E+05
121.537,3.95E+05
124.427,3.93E+05
127.314,3.92E+05
130.197,3.90E+05
133.076,3.89E+05
135.952,3.88E+05
138.825,3.86E+05
141.694,3.85E+05
144.56,3.84E+05
147.422,3.83E+05
150.281,3.81E+05
153.136,3.80E+05
155.988,3.79E+05
158.836,3.78E+05
161.681,3.77E+05
164.523,3.76E+05
167.361,3.75E+05
170.196,3.74E+05
173.027,3.73E+05
175.855,3.72E+05
178.68,3.71E+05
181.501,3.70E+05
184.319,3.69E+05
187.133,3.68E+05
189.944,3.67E+05
192.752,3.66E+05
195.556,3.65E+05
198.356,3.64E+05
201.154,3.64E+05
203.948,3.63E+05
206.739,3.62E+05
209.526,3.61E+05
212.31,3.60E+05
215.091,3.60E+05
217.868,3.59E+05
220.642,3.58E+05
223.412,3.58E+05
226.18,3.57E+05
228.944,3.56E+05
231.704,3.55E+05
234.461,3.55E+05
237.215,3.54E+05
239.966,3.53E+05
242.713,3.53E+05
245.457,3.52E+05
248.198,3.52E+05
250.935,3.51E+05
253.669,3.50E+05
256.4,3.50E+05
259.128,3.49E+05
261.852,3.49E+05
264.573,3.48E+05
267.291,3.47E+05
270.005,3.47E+05
272.716,3.46E+05
275.424,3.46E+05
278.129,3.45E+05
280.83,3.45E+05
283.528,3.44E+05
286.223,3.44E+05
288.914,3.43E+05
291.603,3.43E+05
294.288,3.42E+05
296.97,3.42E+05
299.648,3.41E+05
302.324,3.41E+05
304.996,3.40E+05
307.665,3.40E+05
310.331,3.39E+05
312.993,3.39E+05
315.653,3.38E+05
318.309,3.38E+05
320.962,3.37E+05
323.612,3.37E+05
326.258,3.36E+05
328.901,3.36E+05
331.542,3.36E+05
334.179,3.35E+05
336.813,3.35E+05
339.443,3.34E+05
342.071,3.34E+05
344.695,3.33E+05
347.316,3.33E+05
349.934,3.33E+05
352.549,3.32E+05
355.161,3.32E+05
357.769,3.32E+05
360.375,3.31E+05
362.977,3.31E+05
365.576,3.30E+05
368.172,3.30E+05
370.765,3.30E+05
373.355,3.29E+05
375.941,3.29E+05
378.525,3.29E+05
381.105,3.28E+05
383.683,3.28E+05
386.257,3.27E+05
388.828,3.27E+05
391.396,3.27E+05
393.961,3.26E+05
396.523,3.26E+05
399.082,3.26E+05
401.637,3.25E+05
404.19,3.25E+05
406.739,3.25E+05
409.286,3.24E+05
411.829,3.24E+05
414.369,3.24E+05
416.907,3.23E+05
419.441,3.23E+05
421.972,3.23E+05
424.5,3.23E+05
427.025,3.22E+05
429.547,3.22E+05
432.066,3.22E+05
434.582,3.21E+05
437.095,3.21E+05
439.605,3.21E+05
442.112,3.20E+05
444.615,3.20E+05
447.116,3.20E+05
449.614,3.20E+05
452.109,3.19E+05
454.601,3.19E+05
457.089,3.19E+05
459.575,3.18E+05
462.058,3.18E+05
464.538,3.18E+05
467.015,3.18E+05
469.489,3.17E+05
471.959,3.17E+05
474.427,3.17E+05
476.892,3.17E+05
479.354,3.16E+05
481.813,3.16E+05
484.269,3.16E+05
486.722,3.16E+05
489.172,3.15E+05
491.619,3.15E+05
494.064,3.15E+05
496.505,3.15E+05
498.943,3.14E+05
501.379,3.14E+05
503.811,3.14E+05
506.241,3.14E+05
508.667,3.13E+05
511.091,3.13E+05
513.512,3.13E+05
515.929,3.13E+05
518.344,3.12E+05
520.756,3.12E+05
523.165,3.12E+05
525.572,3.12E+05
527.975,3.12E+05
530.375,3.11E+05
532.773,3.11E+05
535.168,3.11E+05
537.559,3.11E+05
539.948,3.10E+05
542.334,3.10E+05
544.717,3.10E+05
547.097,3.10E+05
549.475,3.10E+05
551.849,3.09E+05
554.221,3.09E+05
556.59,3.09E+05
558.956,3.09E+05
561.319,3.08E+05
563.679,3.08E+05
566.037,3.08E+05
568.391,3.08E+05
570.743,3.08E+05
573.092,3.07E+05
575.438,3.07E+05
577.781,3.07E+05
580.122,3.07E+05
582.459,3.07E+05
584.794,3.07E+05
587.126,3.06E+05
589.455,3.06E+05
591.781,3.06E+05
594.105,3.06E+05
596.426,3.06E+05
598.744,3.05E+05
601.059,3.05E+05
603.371,3.05E+05
605.681,3.05E+05
607.988,3.05E+05
610.292,3.04E+05
612.593,3.04E+05
614.891,3.04E+05
617.187,3.04E+05
619.48,3.04E+05
621.77,3.04E+05
624.058,3.03E+05
626.342,3.03E+05
628.624,3.03E+05
630.904,3.03E+05
633.18,3.03E+05
635.454,3.03E+05
637.725,3.02E+05
639.993,3.02E+05
642.258,3.02E+05
644.521,3.02E+05
646.781,3.02E+05
649.039,3.02E+05
649.039,3.02E+05
651.293,3.01E+05
653.545,3.01E+05
655.794,3.01E+05
658.041,3.01E+05
660.284,3.01E+05
662.525,3.01E+05
664.764,3.00E+05
666.999,3.00E+05
669.232,3.00E+05
671.463,3.00E+05
673.69,3.00E+05
675.915,3.00E+05
678.137,2.99E+05
680.357,2.99E+05
682.574,2.99E+05
684.788,2.99E+05
687,2.99E+05
689.208,2.99E+05
691.415,2.99E+05
693.618,2.98E+05
695.819,2.98E+05
698.017,2.98E+05
700.213,2.98E+05
702.406,2.98E+05
704.596,2.98E+05
706.784,2.98E+05
708.969,2.97E+05
711.151,2.97E+05
713.331,2.97E+05
715.508,2.97E+05
717.683,2.97E+05
719.855,2.97E+05
722.024,2.97E+05
724.191,2.96E+05
726.355,2.96E+05
728.516,2.96E+05
730.675,2.96E+05
732.832,2.96E+05
734.985,2.96E+05
737.136,2.96E+05
739.285,2.95E+05
741.431,2.95E+05
743.574,2.95E+05
745.715,2.95E+05
747.853,2.95E+05
749.988,2.95E+05
752.121,2.95E+05
754.252,2.94E+05
756.38,2.94E+05
758.505,2.94E+05
760.628,2.94E+05
762.748,2.94E+05
764.866,2.94E+05
766.981,2.94E+05
769.093,2.94E+05
771.203,2.94E+05
773.311,2.93E+05
775.416,2.93E+05
777.518,2.93E+05
779.618,2.93E+05
781.715,2.93E+05
783.81,2.93E+05
785.902,2.93E+05
787.992,2.92E+05
790.079,2.92E+05
792.164,2.92E+05
794.246,2.92E+05
796.326,2.92E+05
798.403,2.92E+05
800.478,2.92E+05
802.55,2.92E+05
804.62,2.92E+05
806.687,2.91E+05
808.752,2.91E+05
810.814,2.91E+05
812.874,2.91E+05
814.931,2.91E+05
816.986,2.91E+05
819.038,2.91E+05
821.088,2.91E+05
823.135,2.91E+05
825.18,2.90E+05
827.222,2.90E+05
829.262,2.90E+05
831.3,2.90E+05
833.335,2.90E+05
835.368,2.90E+05
837.398,2.90E+05
839.426,2.90E+05
841.451,2.90E+05
843.474,2.89E+05
845.494,2.89E+05
847.512,2.89E+05
849.528,2.89E+05
851.541,2.89E+05
853.551,2.89E+05
855.56,2.89E+05
857.566,2.89E+05
859.569,2.89E+05
861.57,2.88E+05
863.57,2.88E+05
865.56,2.88E+05
867.56,2.88E+05
869.55,2.88E+05
871.54,2.88E+05
873.53,2.88E+05
875.51,2.88E+05
877.49,2.88E+05
879.47,2.88E+05
881.45,2.87E+05
883.42,2.87E+05
885.4,2.87E+05
887.36,2.87E+05
889.33,2.87E+05
891.3,2.87E+05
893.26,2.87E+05
895.22,2.87E+05
897.18,2.87E+05
899.13,2.87E+05
901.09,2.86E+05
903.04,2.86E+05
904.99,2.86E+05
906.93,2.86E+05
908.88,2.86E+05
910.82,2.86E+05
912.76,2.86E+05
914.7,2.86E+05
916.63,2.86E+05
918.56,2.86E+05
920.49,2.86E+05
922.42,2.85E+05
924.35,2.85E+05
926.27,2.85E+05
928.19,2.85E+05
930.11,2.85E+05
932.02,2.85E+05
933.94,2.85E+05
935.85,2.85E+05
937.76,2.85E+05
939.67,2.85E+05
941.57,2.85E+05
943.47,2.84E+05
945.37,2.84E+05
947.27,2.84E+05
949.16,2.84E+05
951.06,2.84E+05
952.95,2.84E+05
954.84,2.84E+05
956.72,2.84E+05
958.61,2.84E+05
960.49,2.84E+05
962.37,2.84E+05
964.25,2.84E+05
966.12,2.83E+05
967.99,2.83E+05
969.86,2.83E+05
971.73,2.83E+05
973.6,2.83E+05
975.46,2.83E+05
977.32,2.83E+05
979.18,2.83E+05
981.04,2.83E+05
982.89,2.83E+05
984.75,2.83E+05
986.6,2.83E+05
988.45,2.82E+05
990.29,2.82E+05
992.13,2.82E+05
993.98,2.82E+05
995.81,2.82E+05
997.65,2.82E+05
999.49,2.82E+05
1001.32,2.82E+05
1003.15,2.82E+05
1004.98,2.82E+05
1006.8,2.82E+05
1008.63,2.82E+05
1010.45,2.81E+05
1012.27,2.81E+05
1014.08,2.81E+05
1015.9,2.81E+05
1017.71,2.81E+05
1019.52,2.81E+05
1021.33,2.81E+05
1023.14,2.81E+05
1024.94,2.81E+05
1026.74,2.81E+05
1028.54,2.81E+05
1030.34,2.81E+05
1032.14,2.81E+05
1033.93,2.81E+05
1035.72,2.80E+05
1037.51,2.80E+05
1039.3,2.80E+05
1041.08,2.80E+05
1042.86,2.80E+05
1044.64,2.80E+05
1046.42,2.80E+05
1048.2,2.80E+05
1049.97,2.80E+05
1051.74,2.80E+05
1053.51,2.80E+05
1055.28,2.80E+05
1057.04,2.80E+05
1058.81,2.79E+05
1060.57,2.79E+05
1062.33,2.79E+05
1064.08,2.79E+05
1065.84,2.79E+05
1067.59,2.79E+05
1069.34,2.79E+05
1071.09,2.79E+05
1072.84,2.79E+05
1074.58,2.79E+05
1076.32,2.79E+05
1078.06,2.79E+05
1079.8,2.79E+05
1081.54,2.79E+05
1083.27,2.79E+05
1085,2.78E+05
1086.73,2.78E+05
1088.46,2.78E+05
1090.18,2.78E+05
1091.91,2.78E+05
1093.63,2.78E+05
1095.35,2.78E+05
1097.06,2.78E+05
1098.78,2.78E+05
1100.49,2.78E+05
1102.2,2.78E+05
1103.91,2.78E+05
1103.91,2.78E+05
1105.62,2.78E+05
1107.32,2.78E+05
1109.03,2.77E+05
1110.73,2.77E+05
1112.43,2.77E+05
1114.12,2.77E+05
1115.82,2.77E+05
1117.51,2.77E+05
1119.2,2.77E+05
1120.89,2.77E+05
1122.57,2.77E+05
1124.26,2.77E+05
1125.94,2.77E+05
1127.62,2.77E+05
1129.3,2.77E+05
1130.97,2.77E+05
1132.65,2.77E+05
1134.32,2.77E+05
1135.99,2.77E+05
1137.66,2.76E+05
1139.33,2.76E+05
1140.99,2.76E+05
1142.65,2.76E+05
1144.31,2.76E+05
1145.97,2.76E+05
1147.63,2.76E+05
1149.28,2.76E+05
1150.93,2.76E+05
1152.58,2.76E+05
1154.23,2.76E+05
1155.88,2.76E+05
1157.52,2.76E+05
1159.16,2.76E+05
1160.8,2.76E+05
1162.44,2.76E+05
1164.08,2.75E+05
1165.71,2.75E+05
1167.34,2.75E+05
1168.97,2.75E+05
1170.6,2.75E+05
1172.23,2.75E+05
1173.85,2.75E+05
1175.48,2.75E+05
1177.1,2.75E+05
1178.71,2.75E+05
1180.33,2.75E+05
1181.95,2.75E+05
1183.56,2.75E+05
1185.17,2.75E+05
1186.78,2.75E+05
1188.38,2.75E+05
1189.99,2.74E+05
1191.59,2.74E+05
1193.19,2.74E+05
1194.79,2.74E+05
1196.39,2.74E+05
1197.99,2.74E+05
1199.58,2.74E+05
1201.17,2.74E+05
1202.76,2.74E+05
1204.35,2.74E+05
1205.93,2.74E+05
1207.52,2.74E+05
1209.1,2.74E+05
1210.68,2.74E+05
1212.26,2.74E+05
1213.83,2.74E+05
1215.41,2.74E+05
1216.98,2.74E+05
1218.55,2.74E+05
1220.12,2.74E+05
1221.69,2.74E+05
1223.25,2.73E+05
1224.81,2.73E+05
1226.38,2.73E+05
1227.93,2.73E+05
1229.49,2.73E+05
1231.05,2.73E+05
1232.6,2.73E+05
1234.15,2.73E+05
1235.7,2.73E+05
1237.25,2.73E+05
1238.8,2.73E+05
1240.34,2.73E+05
1241.88,2.73E+05
1243.42,2.73E+05
1244.96,2.73E+05
1246.5,2.73E+05
1248.03,2.72E+05
1249.57,2.72E+05
1251.1,2.72E+05
1252.63,2.72E+05
1254.16,2.72E+05
1255.68,2.72E+05
1257.21,2.72E+05
1258.73,2.72E+05
1260.25,2.72E+05
1261.77,2.72E+05
1263.28,2.72E+05
1264.8,2.72E+05
1266.31,2.72E+05
1267.82,2.72E+05
1269.33,2.72E+05
1270.84,2.72E+05
1272.34,2.72E+05
1273.85,2.72E+05
1275.35,2.72E+05
1276.85,2.72E+05
1278.35,2.72E+05
1279.85,2.72E+05
1281.34,2.72E+05
1282.83,2.72E+05
1284.32,2.72E+05
1285.81,2.71E+05
1287.3,2.71E+05
1288.79,2.71E+05
1290.27,2.71E+05
1291.75,2.71E+05
1293.23,2.71E+05
1294.71,2.71E+05
1296.19,2.71E+05
1297.66,2.71E+05
1299.14,2.71E+05
1300.61,2.71E+05
1302.08,2.71E+05
1303.55,2.71E+05
1305.01,2.71E+05
1306.48,2.71E+05
1307.94,2.71E+05
1309.4,2.71E+05
1310.86,2.70E+05
1312.32,2.70E+05
1313.77,2.70E+05
1315.23,2.70E+05
1316.68,2.70E+05
1318.13,2.70E+05
1319.58,2.70E+05
1321.03,2.70E+05
1322.47,2.70E+05
1323.92,2.70E+05
1325.36,2.70E+05
1326.8,2.70E+05
1328.24,2.70E+05
1329.67,2.70E+05
1331.11,2.70E+05
1332.54,2.70E+05
1333.97,2.70E+05
1335.4,2.70E+05
1336.83,2.70E+05
1338.25,2.70E+05
1339.68,2.70E+05
1341.1,2.70E+05
1342.52,2.70E+05
1343.94,2.70E+05
1345.36,2.69E+05
1346.78,2.69E+05
1348.19,2.69E+05
1349.6,2.69E+05
1351.01,2.69E+05
1352.42,2.69E+05
1353.83,2.69E+05
1355.24,2.69E+05
1356.64,2.69E+05
1358.04,2.69E+05
1359.44,2.69E+05
1360.84,2.69E+05
1362.24,2.69E+05
1363.63,2.69E+05
1365.03,2.69E+05
1366.42,2.69E+05
1367.81,2.69E+05
1369.2,2.69E+05
1370.59,2.69E+05
1371.97,2.69E+05
1373.36,2.69E+05
1374.74,2.69E+05
1376.12,2.69E+05
1377.5,2.69E+05
1378.88,2.69E+05
1380.25,2.69E+05
1381.62,2.68E+05
1383,2.68E+05
1384.37,2.68E+05
1385.74,2.68E+05
1387.1,2.68E+05
1388.47,2.68E+05
1389.83,2.68E+05
1391.2,2.68E+05
1392.56,2.68E+05
1393.92,2.68E+05
1395.27,2.68E+05
1396.63,2.68E+05
1397.98,2.68E+05
1399.34,2.68E+05
1400.69,2.68E+05
1402.04,2.68E+05
1403.38,2.68E+05
1404.73,2.68E+05
1406.07,2.68E+05
1407.42,2.68E+05
1408.76,2.67E+05
1410.1,2.67E+05
1411.43,2.67E+05
1412.77,2.67E+05
1414.11,2.67E+05
1415.44,2.67E+05
1416.77,2.67E+05
1418.1,2.67E+05
1419.43,2.67E+05
1420.76,2.67E+05
1422.08,2.67E+05
1423.4,2.67E+05
1424.73,2.67E+05
1426.05,2.67E+05
1427.37,2.67E+05
1428.68,2.67E+05
1430,2.67E+05
1431.31,2.67E+05
1432.62,2.67E+05
1433.93,2.67E+05
1435.24,2.67E+05
1436.55,2.67E+05
1437.86,2.67E+05
1439.16,2.67E+05
1440.47,2.67E+05
1441.77,2.67E+05
1443.07,2.67E+05
1444.36,2.67E+05
1445.66,2.67E+05
1446.96,2.67E+05
1448.25,2.67E+05
1449.54,2.67E+05
1450.83,2.67E+05
1452.12,2.67E+05
1453.41,2.67E+05
1454.69,2.67E+05
1455.98,2.67E+05
1457.26,2.66E+05
1457.26,2.66E+05
1458.54,2.66E+05
1459.82,2.66E+05
1461.1,2.66E+05
1462.38,2.66E+05
1463.65,2.66E+05
1464.92,2.66E+05
1466.2,2.66E+05
1467.47,2.66E+05
1468.74,2.66E+05
1470,2.66E+05
1471.27,2.66E+05
1472.53,2.66E+05
1473.8,2.66E+05
1475.06,2.66E+05
1476.32,2.66E+05
1477.58,2.66E+05
1478.83,2.66E+05
1480.09,2.66E+05
1481.34,2.66E+05
1482.59,2.66E+05
1483.84,2.65E+05
1485.09,2.65E+05
1486.34,2.65E+05
1487.59,2.65E+05
1488.83,2.65E+05
1490.07,2.65E+05
1491.32,2.65E+05
1492.56,2.65E+05
1493.79,2.65E+05
1495.03,2.65E+05
1496.27,2.65E+05
1497.5,2.65E+05
1498.73,2.65E+05
1499.96,2.65E+05
1501.19,2.65E+05
1502.42,2.65E+05
1503.65,2.65E+05
1504.87,2.65E+05
1506.1,2.65E+05
1507.32,2.65E+05
1508.54,2.65E+05
1509.76,2.65E+05
1510.98,2.65E+05
1512.2,2.65E+05
1513.41,2.65E+05
1514.62,2.65E+05
1515.84,2.65E+05
1517.05,2.65E+05
1518.26,2.65E+05
1519.46,2.65E+05
1520.67,2.65E+05
1521.87,2.65E+05
1523.08,2.65E+05
1524.28,2.64E+05
1525.48,2.64E+05
1526.68,2.64E+05
1527.88,2.64E+05
1529.07,2.64E+05
1530.27,2.64E+05
1531.46,2.64E+05
1532.65,2.64E+05
1533.84,2.64E+05
1535.03,2.64E+05
1536.22,2.64E+05
1537.4,2.64E+05
1538.59,2.64E+05
1539.77,2.64E+05
1540.95,2.64E+05
1542.13,2.64E+05
1543.31,2.64E+05
1544.49,2.64E+05
1545.67,2.64E+05
1546.84,2.64E+05
1548.01,2.64E+05
1549.19,2.64E+05
1550.36,2.64E+05
1551.53,2.64E+05
1552.69,2.64E+05
1553.86,2.64E+05
1555.02,2.64E+05
1556.19,2.64E+05
1557.35,2.64E+05
1558.51,2.64E+05
1559.67,2.64E+05
1560.83,2.64E+05
1561.98,2.64E+05
1563.14,2.64E+05
1564.29,2.64E+05
1565.44,2.64E+05
1566.6,2.64E+05
1567.74,2.64E+05
1568.89,2.63E+05
1570.04,2.63E+05
1571.18,2.63E+05
1572.33,2.63E+05
1573.47,2.63E+05
1574.61,2.63E+05
1575.75,2.63E+05
1576.89,2.63E+05
1578.03,2.63E+05
1579.16,2.63E+05
1580.3,2.63E+05
1581.43,2.63E+05
1582.56,2.63E+05
1583.69,2.63E+05
1584.82,2.63E+05
1585.95,2.63E+05
1587.07,2.63E+05
1588.2,2.63E+05
1589.32,2.63E+05
1590.45,2.63E+05
1591.57,2.63E+05
1592.69,2.63E+05
1593.8,2.63E+05
1594.92,2.62E+05
1596.04,2.62E+05
1597.15,2.62E+05
1598.26,2.62E+05
1599.37,2.62E+05
1600.48,2.62E+05
1601.59,2.62E+05
1602.7,2.62E+05
1603.8,2.62E+05
1604.91,2.62E+05
1606.01,2.62E+05
1607.11,2.62E+05
1608.22,2.62E+05
1609.31,2.62E+05
1610.41,2.62E+05
1611.51,2.62E+05
1612.6,2.62E+05
1613.7,2.62E+05
1614.79,2.62E+05
1615.88,2.62E+05
1616.97,2.62E+05
1618.06,2.62E+05
1619.15,2.62E+05
1620.24,2.62E+05
1621.32,2.62E+05
1622.4,2.62E+05
1623.49,2.62E+05
1624.57,2.62E+05
1625.65,2.62E+05
1626.72,2.62E+05
1627.8,2.62E+05
1628.88,2.62E+05
1629.95,2.62E+05
1631.02,2.62E+05
1632.1,2.62E+05
1633.17,2.62E+05
1634.24,2.62E+05
1635.3,2.62E+05
1636.37,2.62E+05
1637.44,2.62E+05
1638.5,2.62E+05
1639.56,2.62E+05
1640.62,2.62E+05
1641.69,2.62E+05
1642.74,2.62E+05
1643.8,2.62E+05
1644.86,2.62E+05
1645.91,2.62E+05
1646.97,2.62E+05
1648.02,2.62E+05
1649.07,2.62E+05
1650.12,2.62E+05
1651.17,2.62E+05
1652.22,2.62E+05
1653.26,2.62E+05
1654.31,2.62E+05
1655.35,2.62E+05
1656.4,2.62E+05
1657.44,2.62E+05
1658.48,2.62E+05
1659.52,2.61E+05
1660.55,2.61E+05
1661.59,2.61E+05
1662.62,2.61E+05
1663.66,2.61E+05
1664.69,2.61E+05
1665.72,2.61E+05
1666.75,2.61E+05
1667.78,2.61E+05
1668.81,2.61E+05
1669.83,2.61E+05
1670.86,2.61E+05
1671.88,2.61E+05
1672.91,2.61E+05
1673.93,2.61E+05
1674.95,2.61E+05
1675.97,2.61E+05
1676.98,2.61E+05
1678,2.61E+05
1679.02,2.61E+05
1680.03,2.61E+05
1681.04,2.61E+05
1682.05,2.61E+05
1683.07,2.61E+05
1684.07,2.61E+05
1685.08,2.61E+05
1686.09,2.61E+05
1687.09,2.60E+05
1688.1,2.60E+05
1689.1,2.60E+05
1690.1,2.60E+05
1691.1,2.60E+05
1692.1,2.60E+05
1693.1,2.60E+05
1694.1,2.60E+05
1694.1,2.60E+05
1695.1,2.60E+05
1696.09,2.60E+05
1697.08,2.60E+05
1698.08,2.60E+05
1699.07,2.60E+05
1700.06,2.60E+05
1701.05,2.60E+05
1702.03,2.60E+05
1703.02,2.60E+05
1704,2.60E+05
1704.99,2.60E+05
1705.97,2.60E+05
1706.95,2.60E+05
1707.93,2.60E+05
1708.91,2.60E+05
1709.89,2.60E+05
1710.87,2.60E+05
1711.84,2.60E+05
1712.82,2.60E+05
1713.79,2.60E+05
1714.76,2.60E+05
1715.73,2.60E+05
1716.7,2.60E+05
1717.67,2.60E+05
1718.64,2.59E+05
1719.61,2.59E+05
1720.57,2.59E+05
1721.53,2.59E+05
1722.5,2.59E+05
1723.46,2.59E+05
1724.42,2.59E+05
1725.38,2.59E+05
1726.34,2.59E+05
1727.29,2.59E+05
1728.25,2.59E+05
1729.2,2.59E+05
1730.16,2.59E+05
1731.11,2.59E+05
1732.06,2.59E+05
1733.01,2.59E+05
1733.96,2.59E+05
1734.91,2.59E+05
1735.86,2.59E+05
1736.8,2.59E+05
1737.75,2.59E+05
1738.69,2.59E+05
1739.63,2.59E+05
1740.57,2.59E+05
1741.51,2.59E+05
1742.45,2.59E+05
1743.39,2.59E+05
1744.33,2.59E+05
1745.26,2.59E+05
1746.19,2.59E+05
1747.13,2.59E+05
1748.06,2.59E+05
1748.99,2.59E+05
1749.92,2.59E+05
1750.85,2.59E+05
1751.78,2.59E+05
1752.7,2.59E+05
1753.63,2.59E+05
1754.55,2.59E+05
1755.48,2.59E+05
1756.4,2.59E+05
1757.32,2.59E+05
1758.24,2.59E+05
1759.16,2.59E+05
1760.07,2.59E+05
1760.99,2.59E+05
1761.91,2.59E+05
1762.82,2.59E+05
1763.73,2.59E+05
1764.65,2.59E+05
1765.56,2.59E+05
1766.47,2.59E+05
1767.37,2.59E+05
1768.28,2.59E+05
1769.19,2.59E+05
1770.09,2.59E+05
1771,2.59E+05
1771.9,2.59E+05
1772.8,2.59E+05
1773.7,2.59E+05
1774.6,2.59E+05
1775.5,2.59E+05
1776.4,2.59E+05
1777.3,2.59E+05
1778.19,2.59E+05
1779.09,2.59E+05
1779.98,2.59E+05
1780.87,2.59E+05
1781.77,2.59E+05
1782.66,2.59E+05
1783.55,2.59E+05
1784.43,2.59E+05
1785.32,2.59E+05
1786.21,2.59E+05
1787.09,2.59E+05
1787.98,2.59E+05
1788.86,2.59E+05
1789.74,2.59E+05
1790.62,2.58E+05
1791.5,2.58E+05
1792.38,2.58E+05
1793.26,2.58E+05
1794.13,2.58E+05
1795.01,2.58E+05
1795.88,2.58E+05
1796.76,2.58E+05
1797.63,2.58E+05
1798.5,2.58E+05
1799.37,2.58E+05
1800.24,2.58E+05
1801.11,2.58E+05
1801.97,2.58E+05
1802.84,2.58E+05
1803.7,2.58E+05
1804.57,2.58E+05
1805.43,2.58E+05
1806.29,2.58E+05
1807.15,2.58E+05
1808.01,2.58E+05
1808.87,2.58E+05
1809.73,2.58E+05
1810.59,2.58E+05
1811.44,2.58E+05
1812.3,2.58E+05
1813.15,2.58E+05
1814,2.58E+05
1814.85,2.58E+05
1815.7,2.58E+05
1816.55,2.58E+05
1817.4,2.58E+05
1818.25,2.57E+05
1819.1,2.57E+05
1819.94,2.57E+05
1820.78,2.57E+05
1821.63,2.57E+05
1822.47,2.57E+05
1823.31,2.57E+05
1824.15,2.57E+05
1824.99,2.57E+05
1825.83,2.57E+05
1826.67,2.57E+05
1827.5,2.57E+05
1828.34,2.57E+05
1829.17,2.57E+05
1830.01,2.57E+05
1830.84,2.57E+05
1831.67,2.57E+05
1832.5,2.57E+05
1833.33,2.57E+05
1834.16,2.57E+05
1834.98,2.57E+05
1835.81,2.57E+05
1836.63,2.57E+05
1837.46,2.57E+05
1838.28,2.57E+05
1839.1,2.57E+05
1839.93,2.57E+05
1840.75,2.57E+05
1841.56,2.57E+05
1842.38,2.57E+05
1843.2,2.57E+05
1844.02,2.57E+05
1844.83,2.57E+05
1845.65,2.57E+05
1846.46,2.57E+05
1847.27,2.57E+05
1848.08,2.57E+05
1848.89,2.57E+05
1849.7,2.57E+05
1850.51,2.57E+05
1851.32,2.57E+05
1852.13,2.57E+05
1852.93,2.57E+05
1853.74,2.57E+05
1854.54,2.57E+05
1855.34,2.57E+05
1856.14,2.57E+05
1856.94,2.57E+05
1857.74,2.57E+05
1858.54,2.57E+05
1859.34,2.57E+05
1860.14,2.57E+05
1860.93,2.57E+05
1861.73,2.57E+05
1862.52,2.57E+05
1863.31,2.57E+05
1864.11,2.57E+05
1864.9,2.57E+05
1865.69,2.57E+05
1866.48,2.57E+05
1867.27,2.57E+05
1868.05,2.57E+05
1868.84,2.57E+05
1869.62,2.57E+05
1870.41,2.57E+05
1871.19,2.57E+05
1871.98,2.57E+05
1872.76,2.57E+05
1873.54,2.57E+05
1874.32,2.57E+05
1875.1,2.57E+05
1875.87,2.57E+05
1876.65,2.57E+05
1877.43,2.57E+05
1878.2,2.57E+05
1878.98,2.57E+05
1879.75,2.57E+05
1880.52,2.56E+05
1881.29,2.56E+05
1882.06,2.56E+05
1882.83,2.56E+05
1883.6,2.56E+05
1884.37,2.56E+05
1885.14,2.56E+05
1885.9,2.56E+05
1886.67,2.56E+05
1887.43,2.56E+05
1888.19,2.56E+05
1888.96,2.56E+05
1889.72,2.56E+05
1890.48,2.56E+05
1891.24,2.56E+05
1891.99,2.56E+05
1892.75,2.56E+05
1893.51,2.56E+05
1894.26,2.56E+05
1895.02,2.56E+05
1895.77,2.56E+05
1896.53,2.56E+05
1897.28,2.56E+05
1898.03,2.56E+05
1898.78,2.56E+05
1899.53,2.56E+05
1900.28,2.56E+05
1901.02,2.56E+05
1901.77,2.56E+05
1902.52,2.56E+05
1903.26,2.56E+05
1904.01,2.56E+05
1904.75,2.56E+05
1905.49,2.56E+05
1906.23,2.56E+05
1906.97,2.56E+05
1907.71,2.56E+05
1908.45,2.56E+05
1909.19,2.56E+05
1909.92,2.56E+05
1910.66,2.56E+05
1911.4,2.56E+05
1912.13,2.56E+05
1912.13,2.56E+05
1912.86,2.56E+05
1913.6,2.56E+05
1914.33,2.56E+05
1915.06,2.56E+05
1915.79,2.56E+05
1916.52,2.56E+05
1917.24,2.56E+05
1917.97,2.56E+05
1918.7,2.56E+05
1919.42,2.56E+05
1920.15,2.56E+05
1920.87,2.56E+05
1921.59,2.56E+05
1922.32,2.56E+05
1923.04,2.56E+05
1923.76,2.56E+05
1924.48,2.56E+05
1925.19,2.56E+05
1925.91,2.56E+05
1926.63,2.56E+05
1927.34,2.56E+05
1928.06,2.56E+05
1928.77,2.56E+05
1929.49,2.56E+05
1930.2,2.56E+05
1930.91,2.56E+05
1931.62,2.56E+05
1932.33,2.56E+05
1933.04,2.56E+05
1933.75,2.56E+05
1934.46,2.56E+05
1935.16,2.55E+05
1935.87,2.55E+05
1936.57,2.55E+05
1937.28,2.55E+05
1937.98,2.55E+05
1938.68,2.55E+05
1939.38,2.55E+05
1940.08,2.55E+05
1940.78,2.55E+05
1941.48,2.55E+05
1942.18,2.55E+05
1942.88,2.55E+05
1943.57,2.55E+05
1944.27,2.55E+05
1944.96,2.55E+05
1945.66,2.55E+05
1946.35,2.55E+05
1947.04,2.55E+05
1947.73,2.55E+05
1948.42,2.55E+05
1949.11,2.55E+05
1949.8,2.55E+05
1950.49,2.55E+05
1951.18,2.55E+05
1951.86,2.55E+05
1952.55,2.55E+05
1953.23,2.55E+05
1953.91,2.55E+05
1954.6,2.55E+05
1955.28,2.55E+05
1955.96,2.55E+05
1956.64,2.55E+05
1957.32,2.55E+05
1958,2.55E+05
1958.68,2.55E+05
1959.36,2.55E+05
1960.03,2.55E+05
1960.71,2.55E+05
1961.38,2.55E+05
1962.06,2.55E+05
1962.73,2.55E+05
1963.4,2.54E+05
1964.07,2.54E+05
1964.74,2.54E+05
1965.41,2.54E+05
1966.08,2.54E+05
1966.75,2.54E+05
1967.42,2.54E+05
1968.08,2.54E+05
1968.75,2.54E+05
1969.42,2.54E+05
1970.08,2.54E+05
1970.74,2.54E+05
1971.41,2.54E+05
1972.07,2.54E+05
1972.73,2.54E+05
1973.39,2.54E+05
1974.05,2.54E+05
1974.71,2.54E+05
1975.37,2.54E+05
1976.02,2.54E+05
1976.68,2.54E+05
1977.33,2.54E+05
1977.99,2.54E+05
1978.64,2.54E+05
1979.3,2.54E+05
1979.95,2.54E+05
1980.6,2.54E+05
1981.25,2.54E+05
1981.9,2.54E+05
1982.55,2.54E+05
1983.2,2.54E+05
1983.85,2.54E+05
1984.49,2.54E+05
1985.14,2.54E+05
1985.78,2.54E+05
1986.43,2.54E+05
1987.07,2.54E+05
1987.72,2.54E+05
1988.36,2.54E+05
1989,2.54E+05
1989.64,2.54E+05
1990.28,2.54E+05
1990.92,2.54E+05
1991.56,2.54E+05
1992.2,2.54E+05
1992.83,2.54E+05
1993.47,2.54E+05
1994.1,2.54E+05
1994.74,2.54E+05
1995.37,2.54E+05
1996,2.54E+05
1996.64,2.54E+05
1997.27,2.54E+05
1997.9,2.54E+05
1998.53,2.54E+05
1999.16,2.54E+05
1999.79,2.54E+05
2000.41,2.54E+05
2001.04,2.54E+05
2001.67,2.54E+05
2002.29,2.54E+05
2002.92,2.54E+05
2003.54,2.54E+05
2004.16,2.54E+05
2004.79,2.54E+05
2005.41,2.54E+05
2006.03,2.54E+05
2006.65,2.54E+05
2007.27,2.54E+05
2007.89,2.54E+05
2008.51,2.54E+05
2009.12,2.54E+05
2009.74,2.54E+05
2010.35,2.54E+05
2010.97,2.54E+05
2011.58,2.54E+05
2012.2,2.54E+05
2012.81,2.54E+05
2013.42,2.54E+05
2014.03,2.54E+05
2014.64,2.54E+05
2015.25,2.54E+05
2015.86,2.54E+05
2016.47,2.54E+05
2017.08,2.54E+05
2017.69,2.54E+05
2018.29,2.54E+05
2018.9,2.54E+05
2019.5,2.54E+05
2020.11,2.54E+05
2020.71,2.54E+05
2021.31,2.54E+05
2021.91,2.54E+05
2022.51,2.54E+05
2023.11,2.54E+05
2023.71,2.54E+05
2024.31,2.54E+05
2024.91,2.54E+05
2025.51,2.54E+05
2026.11,2.54E+05
2026.7,2.54E+05
2027.3,2.54E+05
2027.89,2.54E+05
2028.48,2.54E+05
2029.08,2.54E+05
2029.67,2.54E+05
2030.26,2.54E+05
2030.85,2.54E+05
2031.44,2.54E+05
2032.03,2.54E+05
2032.62,2.54E+05
2033.21,2.54E+05
2033.8,2.54E+05
2034.38,2.54E+05
2034.97,2.54E+05
2035.55,2.54E+05
2036.14,2.54E+05
2036.72,2.54E+05
2037.31,2.54E+05
2037.89,2.54E+05
2038.47,2.54E+05
2039.05,2.54E+05
2039.63,2.54E+05
2040.21,2.54E+05
2040.79,2.54E+05
2041.37,2.54E+05
2041.95,2.54E+05
2042.52,2.54E+05
2043.1,2.54E+05
2043.68,2.54E+05
2044.25,2.54E+05
2044.82,2.54E+05
2045.4,2.54E+05
2045.97,2.54E+05
2046.54,2.54E+05
2047.11,2.54E+05
2047.68,2.54E+05
2048.25,2.54E+05
2048.82,2.54E+05
2049.39,2.54E+05
2049.96,2.54E+05
2050.53,2.54E+05
2051.09,2.54E+05
2051.66,2.54E+05
2052.23,2.54E+05
2052.79,2.54E+05
2053.35,2.54E+05
2053.92,2.54E+05
2054.48,2.54E+05
2055.04,2.53E+05
2055.6,2.53E+05
2056.16,2.53E+05
2056.72,2.53E+05
2057.28,2.53E+05
2057.84,2.53E+05
2058.4,2.53E+05
2058.96,2.53E+05
2059.51,2.53E+05
2060.07,2.53E+05
2060.62,2.53E+05
2061.18,2.53E+05
2061.73,2.53E+05
2062.28,2.53E+05
2062.84,2.53E+05
2063.39,2.53E+05
2063.94,2.53E+05
2064.49,2.53E+05
2065.04,2.53E+05
2065.59,2.53E+05
2066.14,2.53E+05
2066.68,2.53E+05
2067.23,2.53E+05
2067.78,2.53E+05
2068.32,2.53E+05
2068.87,2.53E+05
2069.41,2.53E+05
2069.96,2.53E+05
2070.5,2.53E+05
2071.04,2.53E+05
2071.58,2.53E+05
2072.13,2.53E+05
2072.67,2.53E+05
2073.21,2.53E+05
2073.75,2.53E+05
2074.28,2.53E+05
2074.82,2.53E+05
2075.36,2.53E+05
2075.9,2.53E+05
2076.43,2.53E+05
2076.97,2.53E+05
2077.5,2.53E+05
2078.04,2.53E+05
2078.57,2.53E+05
2079.1,2.53E+05
2079.63,2.53E+05
2080.17,2.53E+05
2080.7,2.53E+05
2081.23,2.53E+05
2081.76,2.53E+05
2082.29,2.53E+05
2082.81,2.53E+05
2083.34,2.53E+05
2083.87,2.53E+05
2084.39,2.53E+05
2084.92,2.53E+05
2085.45,2.53E+05
2085.97,2.53E+05
2086.49,2.53E+05
2087.02,2.53E+05
2087.54,2.53E+05
2088.06,2.53E+05
2088.58,2.53E+05
2089.1,2.53E+05
2089.62,2.53E+05
2090.14,2.53E+05
2090.66,2.53E+05
2091.18,2.53E+05
2091.7,2.53E+05
2092.22,2.53E+05
2092.73,2.53E+05
2093.25,2.53E+05
2093.76,2.53E+05
2094.28,2.52E+05
2094.79,2.52E+05
2095.3,2.52E+05
2095.82,2.52E+05
2096.33,2.52E+05
2096.84,2.52E+05
2097.35,2.52E+05
2097.86,2.52E+05
2098.37,2.52E+05
2098.88,2.52E+05
2099.39,2.52E+05
2099.9,2.52E+05
2100.4,2.52E+05
2100.91,2.52E+05
2101.42,2.52E+05
2101.92,2.52E+05
2102.42,2.52E+05
2102.93,2.52E+05
2103.43,2.52E+05
2103.94,2.52E+05
2104.44,2.52E+05
2104.94,2.52E+05
2105.44,2.52E+05
2105.94,2.52E+05
2106.44,2.52E+05
2106.94,2.52E+05
2107.44,2.52E+05
2107.94,2.52E+05
2108.43,2.52E+05
2108.93,2.52E+05
2109.43,2.52E+05
2109.92,2.52E+05
2110.42,2.52E+05
2110.91,2.52E+05
2110.91,2.52E+05
2111.41,2.52E+05
2111.9,2.52E+05
2112.39,2.52E+05
2112.88,2.52E+05
2113.38,2.52E+05
2113.87,2.52E+05
2114.36,2.52E+05
2114.85,2.52E+05
2115.33,2.52E+05
2115.82,2.52E+05
2116.31,2.52E+05
2116.8,2.52E+05
2117.29,2.52E+05
2117.77,2.52E+05
2118.26,2.52E+05
2118.74,2.52E+05
2119.23,2.52E+05
2119.71,2.52E+05
2120.19,2.52E+05
2120.68,2.52E+05
2121.16,2.52E+05
2121.64,2.52E+05
2122.12,2.52E+05
2122.6,2.52E+05
2123.08,2.52E+05
2123.56,2.52E+05
2124.04,2.52E+05
2124.52,2.51E+05
2124.99,2.51E+05
2125.47,2.51E+05
2125.95,2.51E+05
2126.42,2.51E+05
2126.9,2.51E+05
2127.37,2.51E+05
2127.85,2.51E+05
2128.32,2.51E+05
2128.79,2.51E+05
2129.27,2.51E+05
2129.74,2.51E+05
2130.21,2.51E+05
2130.68,2.51E+05
2131.15,2.51E+05
2131.62,2.51E+05
2132.09,2.51E+05
2132.56,2.51E+05
2133.02,2.51E+05
2133.49,2.51E+05
2133.96,2.51E+05
2134.42,2.51E+05
2134.89,2.51E+05
2135.35,2.51E+05
2135.82,2.51E+05
2136.28,2.51E+05
2136.75,2.51E+05
2137.21,2.51E+05
2137.67,2.51E+05
2138.13,2.51E+05
2138.59,2.51E+05
2139.05,2.51E+05
2139.51,2.51E+05
2139.97,2.51E+05
2140.43,2.51E+05
2140.89,2.51E+05
2141.35,2.51E+05
2141.8,2.51E+05
2142.26,2.51E+05
2142.72,2.51E+05
2143.17,2.51E+05
2143.63,2.51E+05
2144.08,2.51E+05
2144.54,2.51E+05
2144.99,2.51E+05
2145.44,2.51E+05
2145.89,2.51E+05
2146.35,2.51E+05
2146.8,2.51E+05
2147.25,2.51E+05
2147.7,2.51E+05
2148.15,2.51E+05
2148.6,2.51E+05
2149.04,2.51E+05
2149.49,2.51E+05
2149.94,2.51E+05
2150.39,2.51E+05
2150.83,2.51E+05
2151.28,2.51E+05
2151.72,2.51E+05
2152.17,2.51E+05
2152.61,2.51E+05
2153.06,2.51E+05
2153.5,2.51E+05
2153.94,2.51E+05
2154.38,2.51E+05
2154.83,2.51E+05
2155.27,2.51E+05
2155.71,2.51E+05
2156.15,2.51E+05
2156.59,2.51E+05
2157.02,2.51E+05
2157.46,2.51E+05
2157.9,2.51E+05
2158.34,2.51E+05
2158.77,2.51E+05
2159.21,2.51E+05
2159.65,2.51E+05
2160.08,2.51E+05
2160.52,2.51E+05
2160.95,2.51E+05
2161.38,2.51E+05
2161.82,2.51E+05
2162.25,2.51E+05
2162.68,2.51E+05
2163.11,2.51E+05
2163.54,2.51E+05
2163.97,2.51E+05
2164.4,2.51E+05
2164.83,2.51E+05
2165.26,2.51E+05
2165.69,2.51E+05
2166.12,2.51E+05
2166.55,2.51E+05
2166.97,2.51E+05
2167.4,2.51E+05
2167.83,2.51E+05
2168.25,2.51E+05
2168.68,2.51E+05
2169.1,2.51E+05
2169.52,2.51E+05
2169.95,2.51E+05
2170.37,2.51E+05
2170.79,2.51E+05
2171.21,2.51E+05
2171.63,2.51E+05
2172.06,2.51E+05
2172.48,2.51E+05
2172.89,2.51E+05
2173.31,2.51E+05
2173.73,2.51E+05
2174.15,2.51E+05
2174.57,2.51E+05
2174.99,2.51E+05
2175.4,2.51E+05
2175.82,2.51E+05
2176.23,2.51E+05
2176.65,2.51E+05
2177.06,2.51E+05
2177.48,2.51E+05
2177.89,2.51E+05
2178.31,2.51E+05
2178.72,2.51E+05
2179.13,2.51E+05
2179.54,2.51E+05
2179.95,2.51E+05
2180.36,2.51E+05
2180.77,2.51E+05
2181.18,2.51E+05
2181.59,2.51E+05
2182,2.51E+05
2182.41,2.51E+05
2182.82,2.51E+05
2183.22,2.51E+05
2183.63,2.51E+05
2184.04,2.51E+05
2184.44,2.51E+05
2184.85,2.51E+05
2185.25,2.51E+05
2185.66,2.51E+05
2186.06,2.51E+05
2186.46,2.51E+05
2186.87,2.51E+05
2187.27,2.51E+05
2187.67,2.51E+05
2188.07,2.51E+05
2188.47,2.51E+05
2188.87,2.51E+05
2189.27,2.51E+05
2189.67,2.51E+05
2190.07,2.51E+05
2190.47,2.51E+05
2190.87,2.51E+05
2191.27,2.51E+05
2191.66,2.51E+05
2192.06,2.51E+05
2192.46,2.51E+05
2192.85,2.51E+05
2193.25,2.51E+05
2193.64,2.51E+05
2194.04,2.51E+05
2194.43,2.51E+05
2194.82,2.51E+05
2195.22,2.51E+05
2195.61,2.51E+05
2196,2.51E+05
2196.39,2.51E+05
2196.78,2.51E+05
2197.17,2.51E+05
2197.56,2.51E+05
2197.95,2.51E+05
2198.34,2.51E+05
2198.73,2.51E+05
2199.12,2.51E+05
2199.5,2.51E+05
2199.89,2.51E+05
2200.28,2.51E+05
2200.66,2.51E+05
2201.05,2.51E+05
2201.44,2.51E+05
2201.82,2.51E+05
2202.2,2.51E+05
2202.59,2.51E+05
2202.97,2.51E+05
2203.36,2.51E+05
2203.74,2.51E+05
2204.12,2.51E+05
2204.5,2.51E+05
2204.88,2.51E+05
2205.26,2.51E+05
2205.64,2.51E+05
2206.02,2.51E+05
2206.4,2.51E+05
2206.78,2.51E+05
2207.16,2.51E+05
2207.54,2.51E+05
2207.91,2.51E+05
2208.29,2.51E+05
2208.67,2.51E+05
2209.04,2.51E+05
2209.42,2.51E+05
2209.8,2.51E+05
2210.17,2.51E+05
2210.54,2.51E+05
2210.92,2.51E+05
2211.29,2.51E+05
2211.66,2.51E+05
2212.04,2.51E+05
2212.41,2.51E+05
2212.78,2.51E+05
2213.15,2.51E+05
2213.52,2.51E+05
2213.89,2.51E+05
2214.26,2.51E+05
2214.63,2.51E+05
2215,2.51E+05
2215.37,2.51E+05
2215.74,2.51E+05
2216.1,2.51E+05
2216.47,2.51E+05
2216.84,2.51E+05
2217.2,2.51E+05
2217.57,2.51E+05
2217.94,2.51E+05
2218.3,2.51E+05
2218.67,2.51E+05
2219.03,2.51E+05
2219.39,2.51E+05
2219.76,2.51E+05
2220.12,2.51E+05
2220.12,2.51E+05
2220.48,2.51E+05
2220.84,2.51E+05
2221.2,2.51E+05
2221.57,2.51E+05
2221.93,2.51E+05
2222.29,2.51E+05
2222.65,2.51E+05
2223,2.51E+05
2223.36,2.51E+05
2223.72,2.51E+05
2224.08,2.51E+05
2224.44,2.51E+05
2224.79,2.51E+05
2225.15,2.51E+05
2225.51,2.51E+05
2225.86,2.51E+05
2226.22,2.51E+05
2226.57,2.51E+05
2226.93,2.51E+05
2227.28,2.51E+05
2227.64,2.51E+05
2227.99,2.51E+05
2228.34,2.51E+05
2228.69,2.51E+05
2229.05,2.51E+05
2229.4,2.51E+05
2229.75,2.51E+05
2230.1,2.51E+05
2230.45,2.51E+05
2230.8,2.51E+05
2231.15,2.51E+05
2231.5,2.50E+05
2231.85,2.50E+05
2232.2,2.50E+05
2232.54,2.50E+05
2232.89,2.50E+05
2233.24,2.50E+05
2233.58,2.50E+05
2233.93,2.50E+05
2234.28,2.50E+05
2234.62,2.50E+05
2234.97,2.50E+05
2235.31,2.50E+05
2235.65,2.50E+05
2236,2.50E+05
2236.34,2.50E+05
2236.68,2.50E+05
2237.03,2.50E+05
2237.37,2.50E+05
2237.71,2.50E+05
2238.05,2.50E+05
2238.39,2.50E+05
2238.73,2.50E+05
2239.07,2.50E+05
2239.41,2.50E+05
2239.75,2.50E+05
2240.09,2.50E+05
2240.43,2.50E+05
2240.76,2.50E+05
2241.1,2.50E+05
2241.44,2.50E+05
2241.78,2.50E+05
2242.11,2.50E+05
2242.45,2.50E+05
2242.78,2.50E+05
2243.12,2.50E+05
2243.45,2.50E+05
2243.79,2.50E+05
2244.12,2.50E+05
2244.45,2.50E+05
2244.79,2.50E+05
2245.12,2.50E+05
2245.45,2.50E+05
2245.78,2.50E+05
2246.11,2.50E+05
2246.45,2.50E+05
2246.78,2.50E+05
2247.11,2.50E+05
2247.44,2.50E+05
2247.77,2.50E+05
2248.09,2.50E+05
2248.42,2.50E+05
2248.75,2.50E+05
2249.08,2.50E+05
2249.41,2.50E+05
2249.73,2.50E+05
2250.06,2.50E+05
2250.39,2.50E+05
2250.71,2.50E+05
2251.04,2.50E+05
2251.36,2.50E+05
2251.69,2.50E+05
2252.01,2.50E+05
2252.34,2.50E+05
2252.66,2.50E+05
2252.98,2.50E+05
2253.31,2.50E+05
2253.63,2.50E+05
2253.95,2.50E+05
2254.27,2.50E+05
2254.59,2.50E+05
2254.91,2.50E+05
2255.23,2.50E+05
2255.55,2.50E+05
2255.87,2.50E+05
2256.19,2.50E+05
2256.51,2.50E+05
2256.83,2.50E+05
2257.15,2.50E+05
2257.46,2.50E+05
2257.78,2.50E+05
2258.1,2.50E+05
2258.42,2.50E+05
2258.73,2.50E+05
2259.05,2.50E+05
2259.36,2.50E+05
2259.68,2.50E+05
2259.99,2.50E+05
2260.31,2.50E+05
2260.62,2.50E+05
2260.93,2.50E+05
2261.25,2.50E+05
2261.56,2.50E+05
2261.87,2.50E+05
2262.18,2.50E+05
2262.5,2.50E+05
2262.81,2.50E+05
2263.12,2.50E+05
2263.43,2.50E+05
2263.74,2.50E+05
2264.05,2.50E+05
2264.36,2.50E+05
2264.67,2.50E+05
2264.98,2.50E+05
2265.28,2.50E+05
2265.59,2.50E+05
2265.9,2.50E+05
2266.21,2.50E+05
2266.51,2.50E+05
2266.82,2.50E+05
2267.13,2.50E+05
2267.43,2.50E+05
2267.74,2.50E+05
2268.04,2.50E+05
2268.35,2.50E+05
2268.65,2.50E+05
2268.95,2.50E+05
2269.26,2.50E+05
2269.56,2.50E+05
2269.86,2.50E+05
2270.17,2.50E+05
2270.47,2.50E+05
2270.77,2.50E+05
2271.07,2.50E+05
2271.37,2.50E+05
2271.67,2.50E+05
2271.97,2.50E+05
2272.27,2.50E+05
2272.57,2.49E+05
2272.87,2.49E+05
2273.17,2.49E+05
2273.47,2.49E+05
2273.77,2.49E+05
2274.06,2.49E+05
2274.36,2.49E+05
2274.66,2.49E+05
2274.96,2.49E+05
2275.25,2.49E+05
2275.55,2.49E+05
2275.84,2.49E+05
2276.14,2.49E+05
2276.43,2.49E+05
2276.73,2.49E+05
2277.02,2.49E+05
2277.32,2.49E+05
2277.61,2.49E+05
2277.9,2.49E+05
2278.19,2.49E+05
2278.49,2.49E+05
2278.78,2.49E+05
2279.07,2.49E+05
2279.36,2.49E+05
2279.65,2.49E+05
2279.94,2.49E+05
2279.94,2.49E+05
2280.23,2.49E+05
2280.52,2.49E+05
2280.81,2.49E+05
2281.1,2.49E+05
2281.39,2.49E+05
2281.68,2.49E+05
2281.97,2.49E+05
2282.26,2.49E+05
2282.54,2.49E+05
2282.83,2.49E+05
2283.12,2.49E+05
2283.4,2.49E+05
2283.69,2.49E+05
2283.97,2.49E+05
2284.26,2.49E+05
2284.55,2.49E+05
2284.83,2.49E+05
2285.11,2.49E+05
2285.4,2.49E+05
2285.68,2.49E+05
2285.97,2.49E+05
2286.25,2.49E+05
2286.53,2.49E+05
2286.81,2.49E+05
2287.1,2.49E+05
2287.38,2.49E+05
2287.66,2.49E+05
2287.94,2.49E+05
2288.22,2.49E+05
2288.5,2.49E+05
2288.78,2.50E+05
2289.06,2.48E+05
2289.34,2.38E+05
2289.62,2.10E+05
2289.9,1.72E+05
2290.17,1.55E+05
2290.45,1.66E+05
2290.73,1.85E+05
2291.01,2.00E+05
2291.28,2.12E+05
2291.56,2.22E+05
2291.84,2.30E+05
2292.11,2.37E+05
2292.39,2.44E+05
2292.66,2.51E+05
2292.94,2.56E+05
2293.21,2.62E+05
2293.49,2.66E+05
2293.76,2.71E+05
2294.04,2.75E+05
2294.31,2.79E+05
2294.58,2.83E+05
2294.85,2.87E+05
2295.13,2.90E+05
2295.4,2.93E+05
2295.67,2.96E+05
2295.94,2.99E+05
2296.21,3.02E+05
2296.48,3.05E+05
2296.75,3.07E+05
2297.02,3.10E+05
2297.29,3.12E+05
2297.56,3.14E+05
2297.83,3.16E+05
2298.1,3.19E+05
2298.37,3.21E+05
2298.64,3.23E+05
2298.9,3.25E+05
2299.17,3.26E+05
2299.44,3.28E+05
2299.71,3.30E+05
2299.97,3.32E+05
2300.24,3.33E+05
2300.5,3.35E+05
2300.77,3.36E+05
2301.03,3.38E+05
2301.3,3.39E+05
2301.56,3.41E+05
2301.83,3.42E+05
2302.09,3.43E+05
2302.36,3.45E+05
2302.62,3.46E+05
2302.88,3.47E+05
2303.14,3.48E+05
2303.41,3.49E+05
2303.67,3.51E+05
2303.93,3.52E+05
2304.19,3.53E+05
2304.45,3.54E+05
2304.71,3.55E+05
2304.97,3.56E+05
2305.23,3.57E+05
2305.49,3.58E+05
2305.75,3.59E+05
2306.01,3.60E+05
2306.27,3.61E+05
2306.53,3.61E+05
2306.79,3.62E+05
2307.05,3.63E+05
2307.3,3.64E+05
2307.56,3.65E+05
2307.82,3.66E+05
2308.07,3.66E+05
2308.33,3.67E+05
2308.59,3.68E+05
2308.84,3.69E+05
2309.1,3.69E+05
2309.35,3.70E+05
2309.61,3.71E+05
2309.86,3.71E+05
2310.12,3.72E+05
2310.37,3.73E+05
2310.62,3.73E+05
2310.88,3.74E+05
2311.13,3.75E+05
2311.38,3.75E+05
2311.63,3.76E+05
2311.89,3.76E+05
2312.14,3.77E+05
2312.39,3.77E+05
2312.64,3.78E+05
2312.89,3.79E+05
2313.14,3.79E+05
2313.39,3.80E+05
2313.64,3.80E+05
2313.89,3.81E+05
2314.14,3.81E+05
2314.39,3.81E+05
2314.64,3.82E+05
2314.89,3.82E+05
2315.14,3.83E+05
2315.38,3.83E+05
2315.63,3.84E+05
2315.88,3.84E+05
2316.13,3.84E+05
2316.37,3.85E+05
2316.62,3.85E+05
2316.87,3.85E+05
2317.11,3.86E+05
2317.36,3.86E+05
2317.6,3.86E+05
2317.85,3.87E+05
2318.09,3.87E+05
2318.34,3.87E+05
2318.58,3.88E+05
2318.82,3.88E+05
2319.07,3.88E+05
2319.31,3.88E+05
2319.55,3.89E+05
2319.79,3.89E+05
2320.04,3.89E+05
2320.28,3.89E+05
2320.52,3.89E+05
2320.76,3.89E+05
2321,3.90E+05
2321.24,3.90E+05
2321.48,3.90E+05
2321.72,3.90E+05
2321.96,3.90E+05
2322.2,3.90E+05
2322.44,3.90E+05
2322.68,3.90E+05
2322.92,3.90E+05
2323.16,3.90E+05
2323.4,3.90E+05
2323.64,3.90E+05
2323.87,3.90E+05
2324.11,3.90E+05
2324.35,3.90E+05
2324.58,3.90E+05
2324.82,3.90E+05
2325.06,3.90E+05
2325.29,3.90E+05
2325.53,3.90E+05
2325.76,3.90E+05
2326,3.90E+05
2326.23,3.90E+05
2326.47,3.90E+05
2326.7,3.90E+05
2326.94,3.89E+05
2327.17,3.89E+05
2327.4,3.89E+05
2327.64,3.89E+05
2327.87,3.89E+05
2328.1,3.89E+05
2328.33,3.89E+05
2328.57,3.88E+05
2328.8,3.88E+05
2329.03,3.88E+05
2329.26,3.88E+05
2329.49,3.88E+05
2329.72,3.88E+05
2329.95,3.88E+05
2330.18,3.88E+05
2330.41,3.87E+05
2330.64,3.87E+05
2330.87,3.87E+05
2331.1,3.87E+05
2331.33,3.87E+05
2331.56,3.87E+05
2331.78,3.87E+05
2332.01,3.87E+05
2332.24,3.87E+05
2332.47,3.87E+05
2332.69,3.87E+05
2332.92,3.87E+05
2333.15,3.87E+05
2333.37,3.87E+05
2333.6,3.87E+05
2333.82,3.87E+05
2334.05,3.87E+05
2334.28,3.87E+05
2334.5,3.88E+05
2334.72,3.88E+05
2334.95,3.88E+05
2335.17,3.88E+05
2335.4,3.89E+05
2335.62,3.89E+05
2335.84,3.89E+05
2336.07,3.90E+05
2336.29,3.90E+05
2336.51,3.91E+05
2336.73,3.91E+05
2336.95,3.92E+05
2337.18,3.92E+05
2337.4,3.93E+05
2337.62,3.94E+05
2337.84,3.94E+05
2338.06,3.95E+05
2338.28,3.96E+05
2338.5,3.97E+05
2338.72,3.97E+05
2338.94,3.98E+05
2339.16,3.99E+05
2339.38,4.00E+05
2339.6,4.01E+05
2339.81,4.02E+05
2340.03,4.04E+05
2340.25,4.05E+05
2340.47,4.06E+05
2340.69,4.07E+05
2340.9,4.09E+05
2341.12,4.10E+05
2341.34,4.12E+05
2341.55,4.13E+05
2341.77,4.15E+05
2341.98,4.16E+05
2342.2,4.18E+05
2342.41,4.20E+05
2342.63,4.22E+05
2342.84,4.24E+05
2343.06,4.25E+05
2343.27,4.27E+05
2343.49,4.30E+05
2343.7,4.32E+05
2343.91,4.34E+05
2344.13,4.36E+05
2344.34,4.39E+05
2344.55,4.41E+05
2344.77,4.44E+05
2344.98,4.46E+05
2345.19,4.49E+05
2345.4,4.51E+05
2345.61,4.54E+05
2345.82,4.57E+05
2346.03,4.60E+05
2346.25,4.63E+05
2346.46,4.66E+05
2346.67,4.70E+05
2346.88,4.73E+05
2347.09,4.76E+05
2347.29,4.80E+05
2347.5,4.84E+05
2347.71,4.87E+05
2347.92,4.91E+05
2348.13,4.95E+05
2348.34,4.99E+05
2348.55,5.04E+05
2348.75,5.08E+05
2348.96,5.12E+05
2349.17,5.17E+05
2349.37,5.22E+05
2349.58,5.26E+05
2349.79,5.31E+05
2349.99,5.36E+05
2350.2,5.41E+05
2350.41,5.47E+05
2350.61,5.52E+05
2350.82,5.57E+05
2351.02,5.62E+05
2351.23,5.67E+05
2351.43,5.72E+05
2351.63,5.76E+05
2351.84,5.79E+05
2352.04,5.79E+05
2352.24,5.76E+05
2352.45,5.63E+05
2352.65,5.36E+05
2352.85,4.68E+05
2353.06,3.71E+05
2353.23,3.30E+05
2353.42,3.69E+05
2353.62,4.11E+05
2353.82,4.42E+05
2354.02,4.69E+05
2354.22,4.91E+05
2354.42,5.08E+05
2354.63,5.22E+05
2354.83,5.34E+05
2355.03,5.44E+05
2355.23,5.53E+05
2355.43,5.61E+05
2355.64,5.68E+05
2355.84,5.76E+05
2356.04,5.83E+05
2356.24,5.89E+05
2356.45,5.96E+05
2356.65,6.02E+05
2356.85,6.08E+05
2357.05,6.15E+05
2357.25,6.21E+05
2357.46,6.27E+05
2357.66,6.32E+05
2357.86,6.38E+05
2358.06,6.44E+05
2358.27,6.50E+05
2358.47,6.56E+05
2358.67,6.62E+05
2358.87,6.68E+05
2359.07,6.74E+05
2359.28,6.79E+05
2359.48,6.85E+05
2359.68,6.91E+05
2359.88,6.97E+05
2360.08,7.03E+05
2360.29,7.09E+05
2360.49,7.16E+05
2360.69,7.22E+05
2360.89,7.28E+05
2361.1,7.34E+05
2361.3,7.40E+05
2361.5,7.47E+05
2361.7,7.53E+05
2361.9,7.59E+05
2362.11,7.66E+05
2362.31,7.72E+05
2362.51,7.79E+05
2362.71,7.85E+05
2362.92,7.92E+05
2363.12,7.99E+05
2363.32,8.06E+05
2363.52,8.12E+05
2363.72,8.19E+05
2363.93,8.26E+05
2364.13,8.33E+05
2364.33,8.40E+05
2364.53,8.47E+05
2364.73,8.54E+05
2364.94,8.61E+05
2365.14,8.69E+05
2365.34,8.76E+05
2365.54,8.83E+05
2365.75,8.91E+05
2365.75,8.91E+05
2365.95,8.98E+05
2366.15,9.06E+05
2366.35,9.13E+05
2366.55,9.21E+05
2366.76,9.28E+05
2366.96,9.36E+05
2367.16,9.44E+05
2367.36,9.51E+05
2367.57,9.59E+05
2367.77,9.67E+05
2367.97,9.75E+05
2368.17,9.83E+05
2368.37,9.91E+05
2368.58,9.99E+05
2368.78,1.01E+06
2368.98,1.02E+06
2369.18,1.02E+06
2369.39,1.03E+06
2369.59,1.04E+06
2369.79,1.05E+06
2369.99,1.06E+06
2370.19,1.06E+06
2370.4,1.07E+06
2370.6,1.08E+06
2370.8,1.09E+06
2371,1.10E+06
2371.2,1.11E+06
2371.41,1.11E+06
2371.61,1.12E+06
2371.81,1.13E+06
2372.01,1.14E+06
2372.22,1.15E+06
2372.42,1.16E+06
2372.62,1.16E+06
2372.82,1.17E+06
2373.02,1.18E+06
2373.23,1.19E+06
2373.43,1.20E+06
2373.63,1.21E+06
2373.83,1.21E+06
2374.04,1.22E+06
2374.24,1.23E+06
2374.44,1.24E+06
2374.64,1.25E+06
2374.84,1.26E+06
2375.05,1.27E+06
2375.25,1.27E+06
2375.45,1.28E+06
2375.65,1.29E+06
2375.86,1.30E+06
2376.06,1.31E+06
2376.26,1.32E+06
2376.46,1.32E+06
2376.66,1.33E+06
2376.86,1.34E+06
2377.07,1.35E+06
2377.27,1.36E+06
2377.47,1.37E+06
2377.67,1.37E+06
2377.88,1.38E+06
2378.08,1.39E+06
2378.28,1.40E+06
2378.48,1.41E+06
2378.68,1.42E+06
2378.89,1.42E+06
2379.09,1.43E+06
2379.29,1.44E+06
2379.49,1.45E+06
2379.7,1.46E+06
2379.9,1.46E+06
2380.1,1.47E+06
2380.3,1.48E+06
2380.5,1.49E+06
2380.71,1.50E+06
2380.91,1.51E+06
2381.11,1.51E+06
2381.31,1.52E+06
2381.52,1.53E+06
2381.72,1.54E+06
2381.92,1.55E+06
2382.12,1.56E+06
2382.32,1.56E+06
2382.53,1.57E+06
2382.73,1.58E+06
2382.93,1.59E+06
2383.13,1.60E+06
2383.33,1.61E+06
2383.54,1.61E+06
2383.74,1.62E+06
2383.94,1.63E+06
2384.14,1.64E+06
2384.35,1.65E+06
2384.55,1.66E+06
2384.75,1.66E+06
2384.95,1.67E+06
2385.15,1.68E+06
2385.36,1.69E+06
2385.56,1.70E+06
2385.76,1.71E+06
2385.96,1.72E+06
2386.17,1.72E+06
2386.37,1.73E+06
2386.57,1.74E+06
2386.77,1.75E+06
2386.97,1.76E+06
2387.18,1.77E+06
2387.38,1.77E+06
2387.58,1.78E+06
2387.78,1.79E+06
2387.98,1.80E+06
2388.19,1.81E+06
2388.39,1.82E+06
2388.59,1.82E+06
2388.79,1.83E+06
2389,1.84E+06
2389.2,1.85E+06
2389.4,1.86E+06
2389.6,1.86E+06
2389.8,1.87E+06
2390.01,1.88E+06
2390.21,1.89E+06
2390.41,1.90E+06
2390.61,1.90E+06
2390.82,1.91E+06
2391.02,1.92E+06
2391.22,1.93E+06
2391.42,1.93E+06
2391.62,1.94E+06
2391.83,1.95E+06
2392.03,1.96E+06
2392.23,1.96E+06
2392.43,1.97E+06
2392.64,1.98E+06
2392.84,1.99E+06
2393.04,1.99E+06
2393.24,2.00E+06
2393.44,2.01E+06
2393.65,2.01E+06
2393.85,2.02E+06
2394.05,2.03E+06
2394.25,2.03E+06
2394.45,2.04E+06
2394.66,2.05E+06
2394.86,2.05E+06
2395.06,2.06E+06
2395.26,2.07E+06
2395.47,2.07E+06
2395.67,2.08E+06
2395.87,2.08E+06
2396.07,2.09E+06
2396.27,2.10E+06
2396.48,2.10E+06
2396.68,2.11E+06
2396.88,2.11E+06
2397.08,2.12E+06
2397.29,2.12E+06
2397.49,2.13E+06
2397.69,2.13E+06
2397.89,2.14E+06
2398.09,2.14E+06
2398.3,2.15E+06
2398.5,2.16E+06
2398.7,2.16E+06
2398.9,2.17E+06
2399.1,2.17E+06
2399.31,2.17E+06
2399.51,2.18E+06
2399.71,2.18E+06
2399.91,2.19E+06
2400.11,2.19E+06
2400.32,2.20E+06
2400.52,2.20E+06
2400.72,2.21E+06
2400.92,2.21E+06
2401.13,2.22E+06
2401.33,2.22E+06
2401.53,2.22E+06
2401.73,2.23E+06
2401.73,2.23E+06
2401.93,2.23E+06
2402.14,2.24E+06
2402.34,2.24E+06
2402.54,2.24E+06
2402.74,2.25E+06
2402.95,2.25E+06
2403.15,2.26E+06
2403.35,2.26E+06
2403.55,2.26E+06
2403.75,2.27E+06
2403.96,2.27E+06
2404.16,2.27E+06
2404.36,2.28E+06
2404.56,2.28E+06
2404.76,2.28E+06
2404.97,2.29E+06
2405.17,2.29E+06
2405.37,2.29E+06
2405.57,2.30E+06
2405.78,2.30E+06
2405.98,2.30E+06
2406.18,2.30E+06
2406.38,2.31E+06
2406.58,2.31E+06
2406.79,2.31E+06
2406.99,2.31E+06
2407.19,2.32E+06
2407.39,2.32E+06
2407.6,2.32E+06
2407.8,2.32E+06
2408,2.33E+06
2408.2,2.33E+06
2408.4,2.33E+06
2408.61,2.33E+06
2408.81,2.34E+06
2409.01,2.34E+06
2409.21,2.34E+06
2409.42,2.34E+06
2409.62,2.35E+06
2409.82,2.35E+06
2410.02,2.35E+06
2410.22,2.35E+06
2410.43,2.35E+06
2410.63,2.35E+06
2410.83,2.36E+06
2411.03,2.36E+06
2411.23,2.36E+06
2411.44,2.36E+06
2411.64,2.36E+06
2411.84,2.37E+06
2412.04,2.37E+06
2412.25,2.37E+06
2412.45,2.37E+06
2412.65,2.37E+06
2412.85,2.37E+06
2413.05,2.38E+06
2413.26,2.38E+06
2413.46,2.38E+06
2413.66,2.38E+06
2413.86,2.38E+06
2414.07,2.38E+06
2414.27,2.38E+06
2414.47,2.38E+06
2414.67,2.39E+06
2414.87,2.39E+06
2415.08,2.39E+06
2415.28,2.39E+06
2415.48,2.39E+06
2415.68,2.39E+06
2415.89,2.39E+06
2416.09,2.39E+06
2416.29,2.39E+06
2416.49,2.40E+06
2416.69,2.40E+06
2416.89,2.40E+06
2417.1,2.40E+06
2417.3,2.40E+06
2417.5,2.40E+06
2417.7,2.40E+06
2417.91,2.40E+06
2418.11,2.40E+06
2418.31,2.40E+06
2418.51,2.40E+06
2418.71,2.40E+06
2418.92,2.40E+06
2419.12,2.40E+06
2419.32,2.40E+06
2419.52,2.41E+06
2419.73,2.41E+06
2419.93,2.41E+06
2420.13,2.41E+06
2420.33,2.41E+06
2420.53,2.41E+06
2420.74,2.41E+06
2420.94,2.41E+06
2421.14,2.41E+06
2421.34,2.41E+06
2421.54,2.41E+06
2421.75,2.41E+06
2421.95,2.41E+06
2422.15,2.41E+06
2422.35,2.41E+06
2422.56,2.41E+06
2422.76,2.41E+06
2422.96,2.41E+06
2423.16,2.41E+06
2423.36,2.41E+06
2423.57,2.40E+06
2423.77,2.40E+06
2423.97,2.40E+06
2424.17,2.40E+06
2424.38,2.40E+06
2424.58,2.40E+06
2424.78,2.40E+06
2424.98,2.40E+06
2425.18,2.40E+06
2425.39,2.40E+06
2425.59,2.40E+06
2425.79,2.39E+06
2425.99,2.39E+06
2426.2,2.39E+06
2426.4,2.39E+06
2426.6,2.39E+06
2426.8,2.39E+06
2427,2.39E+06
2427.21,2.38E+06
2427.41,2.38E+06
2427.61,2.38E+06
2427.81,2.38E+06
2428.01,2.38E+06
2428.22,2.38E+06
2428.42,2.37E+06
2428.62,2.37E+06
2428.82,2.37E+06
2429.03,2.37E+06
2429.23,2.37E+06
2429.43,2.36E+06
2429.63,2.36E+06
2429.83,2.36E+06
2430.04,2.36E+06
2430.24,2.35E+06
2430.44,2.35E+06
2430.64,2.35E+06
2430.85,2.35E+06
2431.05,2.34E+06
2431.25,2.34E+06
2431.45,2.34E+06
2431.65,2.34E+06
2431.86,2.33E+06
2432.06,2.33E+06
2432.26,2.33E+06
2432.46,2.32E+06
2432.66,2.32E+06
2432.87,2.32E+06
2433.07,2.32E+06
2433.27,2.31E+06
2433.47,2.31E+06
2433.67,2.31E+06
2433.88,2.31E+06
2434.08,2.30E+06
2434.28,2.30E+06
2434.48,2.30E+06
2434.69,2.29E+06
2434.89,2.29E+06
2435.09,2.29E+06
2435.29,2.29E+06
2435.49,2.28E+06
2435.7,2.28E+06
2435.9,2.28E+06
2436.1,2.28E+06
2436.3,2.27E+06
2436.51,2.27E+06
2436.71,2.27E+06
2436.91,2.27E+06
2437.11,2.26E+06
2437.31,2.26E+06
2437.52,2.26E+06
2437.72,2.26E+06
2437.92,2.25E+06
2438.12,2.25E+06
2438.32,2.25E+06
2438.53,2.25E+06
2438.73,2.24E+06
2438.93,2.24E+06
2439.13,2.24E+06
2439.34,2.24E+06
2439.54,2.23E+06
2439.74,2.23E+06
2439.94,2.23E+06
2440.14,2.23E+06
2440.35,2.22E+06
2440.55,2.22E+06
2440.75,2.22E+06
2440.95,2.22E+06
2441.16,2.21E+06
2441.36,2.21E+06
2441.56,2.21E+06
2441.76,2.21E+06
2441.96,2.21E+06
2442.17,2.20E+06
2442.37,2.20E+06
2442.57,2.20E+06
2442.77,2.20E+06
2442.97,2.19E+06
2443.18,2.19E+06
2443.38,2.19E+06
2443.58,2.19E+06
2443.78,2.19E+06
2443.99,2.18E+06
2444.19,2.18E+06
2444.39,2.18E+06
2444.59,2.18E+06
2444.79,2.18E+06
2445,2.17E+06
2445.2,2.17E+06
2445.4,2.17E+06
2445.6,2.17E+06
2445.8,2.17E+06
2446.01,2.16E+06
2446.21,2.16E+06
2446.21,2.16E+06
2446.41,2.16E+06
2446.61,2.16E+06
2446.82,2.16E+06
2447.02,2.16E+06
2447.22,2.15E+06
2447.42,2.15E+06
2447.62,2.15E+06
2447.83,2.15E+06
2448.03,2.15E+06
2448.23,2.14E+06
2448.43,2.14E+06
2448.63,2.14E+06
2448.84,2.14E+06
2449.04,2.14E+06
2449.24,2.14E+06
2449.44,2.13E+06
2449.65,2.13E+06
2449.85,2.13E+06
2450.05,2.13E+06
2450.25,2.13E+06
2450.45,2.13E+06
2450.66,2.12E+06
2450.86,2.12E+06
2451.06,2.12E+06
2451.26,2.12E+06
2451.47,2.12E+06
2451.67,2.12E+06
2451.87,2.12E+06
2452.07,2.11E+06
2452.27,2.11E+06
2452.48,2.11E+06
2452.68,2.11E+06
2452.88,2.11E+06
2453.08,2.11E+06
2453.28,2.10E+06
2453.49,2.10E+06
2453.69,2.10E+06
2453.89,2.10E+06
2454.09,2.10E+06
2454.3,2.10E+06
2454.5,2.10E+06
2454.7,2.09E+06
2454.9,2.09E+06
2455.1,2.09E+06
2455.31,2.09E+06
2455.51,2.09E+06
2455.71,2.09E+06
2455.91,2.09E+06
2456.12,2.09E+06
2456.32,2.08E+06
2456.52,2.08E+06
2456.72,2.08E+06
2456.92,2.08E+06
2457.13,2.08E+06
2457.33,2.08E+06
2457.53,2.08E+06
2457.73,2.07E+06
2457.93,2.07E+06
2458.14,2.07E+06
2458.34,2.07E+06
2458.54,2.07E+06
2458.74,2.07E+06
2458.94,2.07E+06
2459.15,2.07E+06
2459.35,2.07E+06
2459.55,2.06E+06
2459.75,2.06E+06
2459.96,2.06E+06
2460.16,2.06E+06
2460.36,2.06E+06
2460.56,2.06E+06
2460.76,2.06E+06
2460.97,2.06E+06
2461.17,2.06E+06
2461.37,2.05E+06
2461.57,2.05E+06
2461.78,2.05E+06
2461.98,2.05E+06
2462.18,2.05E+06
2462.38,2.05E+06
2462.58,2.05E+06
2462.79,2.05E+06
2462.99,2.05E+06
2463.19,2.04E+06
2463.39,2.04E+06
2463.59,2.04E+06
2463.8,2.04E+06
2464,2.04E+06
2464.2,2.04E+06
2464.4,2.04E+06
2464.61,2.04E+06
2464.81,2.04E+06
2465.01,2.04E+06
2465.21,2.04E+06
2465.41,2.03E+06
2465.62,2.03E+06
2465.82,2.03E+06
2466.02,2.03E+06
2466.22,2.03E+06
2466.43,2.03E+06
2466.63,2.03E+06
2466.83,2.03E+06
2467.03,2.03E+06
2467.23,2.03E+06
2467.44,2.03E+06
2467.64,2.02E+06
2467.84,2.02E+06
2468.04,2.02E+06
2468.24,2.02E+06
2468.45,2.02E+06
2468.65,2.02E+06
2468.85,2.02E+06
2469.05,2.02E+06
2469.26,2.02E+06
2469.46,2.02E+06
2469.66,2.02E+06
2469.86,2.02E+06
2470.06,2.01E+06
2470.27,2.01E+06
2470.47,2.01E+06
2470.67,2.01E+06
2470.87,2.01E+06
2471.08,2.01E+06
2471.28,2.01E+06
2471.48,2.01E+06
2471.68,2.01E+06
2471.88,2.01E+06
2472.09,2.01E+06
2472.29,2.01E+06
2472.49,2.01E+06
2472.69,2.01E+06
2472.9,2.00E+06
2473.1,2.00E+06
2473.3,2.00E+06
2473.5,2.00E+06
2473.7,2.00E+06
2473.9,2.00E+06
2474.11,2.00E+06
2474.31,2.00E+06
2474.51,2.00E+06
2474.71,2.00E+06
2474.92,2.00E+06
2475.12,2.00E+06
2475.32,2.00E+06
2475.52,2.00E+06
2475.72,2.00E+06
2475.93,1.99E+06
2476.13,1.99E+06
2476.33,1.99E+06
2476.53,1.99E+06
2476.74,1.99E+06
2476.94,1.99E+06
2477.14,1.99E+06
2477.34,1.99E+06
2477.54,1.99E+06
2477.75,1.99E+06
2477.95,1.99E+06
2478.15,1.99E+06
2478.35,1.99E+06
2478.56,1.99E+06
2478.76,1.99E+06
2478.96,1.99E+06
2479.16,1.98E+06
2479.36,1.98E+06
2479.57,1.98E+06
2479.77,1.98E+06
2479.97,1.98E+06
2480.17,1.98E+06
2480.37,1.98E+06
2480.58,1.98E+06
2480.78,1.98E+06
2480.98,1.98E+06
2481.18,1.98E+06
2481.39,1.98E+06
2481.59,1.98E+06
2481.79,1.98E+06
2481.99,1.98E+06
2482.19,1.98E+06
2482.4,1.98E+06
2482.6,1.97E+06
2482.8,1.97E+06
2483,1.97E+06
2483.21,1.97E+06
2483.41,1.97E+06
2483.61,1.97E+06
2483.81,1.97E+06
2484.01,1.97E+06
2484.22,1.97E+06
2484.42,1.97E+06
2484.62,1.97E+06
2484.82,1.97E+06
2485.02,1.97E+06
2485.23,1.97E+06
2485.43,1.97E+06
2485.63,1.97E+06
2485.83,1.97E+06
2486.04,1.97E+06
2486.24,1.97E+06
2486.44,1.96E+06
2486.64,1.96E+06
2486.84,1.96E+06
2487.05,1.96E+06
2487.25,1.96E+06
2487.45,1.96E+06
2487.65,1.96E+06
2487.86,1.96E+06
2488.06,1.96E+06
2488.26,1.96E+06
2488.46,1.96E+06
2488.66,1.96E+06
2488.87,1.96E+06
2489.07,1.96E+06
2489.27,1.96E+06
2489.47,1.96E+06
2489.68,1.96E+06
2489.88,1.96E+06
2490.08,1.96E+06
2490.28,1.96E+06
2490.48,1.96E+06
2490.69,1.96E+06
2490.89,1.95E+06
2491.09,1.95E+06
2491.29,1.95E+06
2491.49,1.95E+06
2491.7,1.95E+06
2491.9,1.95E+06
2492.1,1.95E+06
2492.3,1.95E+06
2492.5,1.95E+06
2492.71,1.95E+06
2492.91,1.95E+06
2493.11,1.95E+06
2493.31,1.95E+06
2493.52,1.95E+06
2493.72,1.95E+06
2493.92,1.95E+06
2494.12,1.95E+06
2494.32,1.95E+06
2494.53,1.95E+06
2494.73,1.95E+06
2494.93,1.95E+06
2495.13,1.95E+06
2495.34,1.95E+06
2495.54,1.95E+06
2495.74,1.94E+06
2495.94,1.94E+06
2496.14,1.94E+06
2496.35,1.94E+06
2496.55,1.94E+06
2496.75,1.94E+06
2496.95,1.94E+06
2497.15,1.94E+06
2497.36,1.94E+06
2497.56,1.94E+06
2497.76,1.94E+06
2497.96,1.94E+06
2498.17,1.94E+06
2498.37,1.94E+06
2498.57,1.94E+06
2498.77,1.94E+06
2498.97,1.94E+06
2499.18,1.94E+06
2499.38,1.94E+06
2499.58,1.94E+06
2499.78,1.94E+06
2499.99,1.94E+06
2500.19,1.94E+06
2500.39,1.94E+06
2500.59,1.94E+06
2500.79,1.94E+06
2501,1.93E+06
2501.2,1.93E+06
2501.4,1.93E+06
2501.6,1.93E+06
2501.81,1.93E+06
2502.01,1.93E+06
2502.21,1.93E+06
2502.41,1.93E+06
2502.61,1.93E+06
2502.82,1.93E+06
2503.02,1.93E+06
2503.22,1.93E+06
2503.41,1.93E+06
2503.57,1.93E+06
2503.71,1.93E+06
2503.82,1.93E+06
2503.9,1.93E+06
2503.97,1.93E+06
2504.03,1.93E+06
2504.07,1.94E+06
2504.11,1.95E+06
2504.14,2.15E+06
2504.17,2.64E+06
2504.19,2.89E+06
