# x(m), P(Pa)
0.000000000000000000e+00,2.245150000000000091e+03
2.481370000000000103e-03,2.348699999999999818e+03
5.069009999999999662e-03,2.481150000000000091e+03
7.767490000000000158e-03,2.504130000000000109e+03
1.058160000000000003e-02,2.496900000000000091e+03
1.351620000000000078e-02,2.493239999999999782e+03
1.657640000000000155e-02,2.496130000000000109e+03
1.976779999999999857e-02,2.498539999999999964e+03
2.309589999999999907e-02,2.498809999999999945e+03
2.656649999999999984e-02,2.497579999999999927e+03
3.018569999999999934e-02,2.495690000000000055e+03
3.395999999999999713e-02,2.493650000000000091e+03
3.789599999999999913e-02,2.491699999999999818e+03
4.200050000000000311e-02,2.489840000000000146e+03
4.628079999999999694e-02,2.488000000000000000e+03
5.074449999999999794e-02,2.486239999999999782e+03
5.539929999999999854e-02,2.484679999999999836e+03
6.025359999999999744e-02,2.483320000000000164e+03
6.531570000000000431e-02,2.482050000000000182e+03
7.059469999999999634e-02,2.480800000000000182e+03
7.609979999999999523e-02,2.479590000000000146e+03
8.184059999999999946e-02,2.478440000000000055e+03
8.782739999999999991e-02,2.477320000000000164e+03
9.407060000000000421e-02,2.476250000000000000e+03
1.005810000000000037e-01,2.475289999999999964e+03
1.073709999999999942e-01,2.474389999999999873e+03
1.144509999999999972e-01,2.473519999999999982e+03
1.218339999999999979e-01,2.472690000000000055e+03
1.218339999999999979e-01,2.472690000000000055e+03
1.295340000000000102e-01,2.471860000000000127e+03
1.375639999999999918e-01,2.471070000000000164e+03
1.459370000000000112e-01,2.470280000000000200e+03
1.546690000000000009e-01,2.469530000000000200e+03
1.637760000000000049e-01,2.468869999999999891e+03
1.732720000000000093e-01,2.468250000000000000e+03
1.831750000000000045e-01,2.467590000000000146e+03
1.935020000000000073e-01,2.466860000000000127e+03
2.042710000000000081e-01,2.466130000000000109e+03
2.155019999999999991e-01,2.465429999999999836e+03
2.269650000000000001e-01,2.464849999999999909e+03
2.384280000000000010e-01,2.464340000000000146e+03
2.498910000000000020e-01,2.463849999999999909e+03
2.613530000000000020e-01,2.463409999999999854e+03
2.728160000000000029e-01,2.462980000000000018e+03
2.842790000000000039e-01,2.462530000000000200e+03
2.957420000000000049e-01,2.462070000000000164e+03
3.072050000000000058e-01,2.461659999999999854e+03
3.186669999999999781e-01,2.461369999999999891e+03
3.301299999999999790e-01,2.461199999999999818e+03
3.415929999999999800e-01,2.461110000000000127e+03
3.415929999999999800e-01,2.461110000000000127e+03
3.530559999999999810e-01,2.461010000000000218e+03
3.645189999999999819e-01,2.460840000000000146e+03
3.759819999999999829e-01,2.460610000000000127e+03
3.874440000000000106e-01,2.460360000000000127e+03
3.989070000000000116e-01,2.460130000000000109e+03
4.103700000000000125e-01,2.459949999999999818e+03
4.218330000000000135e-01,2.459750000000000000e+03
4.332960000000000145e-01,2.459510000000000218e+03
4.447579999999999867e-01,2.459250000000000000e+03
4.562209999999999877e-01,2.459000000000000000e+03
4.676839999999999886e-01,2.458730000000000018e+03
4.791469999999999896e-01,2.458480000000000018e+03
4.906099999999999905e-01,2.458289999999999964e+03
5.020729999999999915e-01,2.458170000000000073e+03
5.135349999999999637e-01,2.458039999999999964e+03
5.249979999999999647e-01,2.457909999999999854e+03
5.364609999999999657e-01,2.457769999999999982e+03
5.479239999999999666e-01,2.457570000000000164e+03
5.593869999999999676e-01,2.457349999999999909e+03
5.708490000000000508e-01,2.457119999999999891e+03
5.708490000000000508e-01,2.457119999999999891e+03
5.823120000000000518e-01,2.456920000000000073e+03
5.937750000000000528e-01,2.456769999999999982e+03
6.052380000000000537e-01,2.456710000000000036e+03
6.167010000000000547e-01,2.456719999999999800e+03
6.281639999999999446e-01,2.456750000000000000e+03
6.396260000000000279e-01,2.456750000000000000e+03
6.510890000000000288e-01,2.456679999999999836e+03
6.625520000000000298e-01,2.456530000000000200e+03
6.740150000000000308e-01,2.456329999999999927e+03
6.854780000000000317e-01,2.456110000000000127e+03
6.969410000000000327e-01,2.455920000000000073e+03
7.084030000000000049e-01,2.455760000000000218e+03
7.198660000000000059e-01,2.455619999999999891e+03
7.313290000000000068e-01,2.455500000000000000e+03
7.427920000000000078e-01,2.455369999999999891e+03
7.542550000000000088e-01,2.455239999999999782e+03
7.657169999999999810e-01,2.455110000000000127e+03
7.771799999999999820e-01,2.454989999999999782e+03
7.886429999999999829e-01,2.454860000000000127e+03
8.001059999999999839e-01,2.454739999999999782e+03
8.115689999999999849e-01,2.454619999999999891e+03
8.230319999999999858e-01,2.454500000000000000e+03
8.344939999999999580e-01,2.454380000000000109e+03
8.344939999999999580e-01,2.454380000000000109e+03
8.459569999999999590e-01,2.454260000000000218e+03
8.574199999999999600e-01,2.454139999999999873e+03
8.688829999999999609e-01,2.454019999999999982e+03
8.803459999999999619e-01,2.453900000000000091e+03
8.918089999999999629e-01,2.453789999999999964e+03
9.032710000000000461e-01,2.453679999999999836e+03
9.147340000000000471e-01,2.453559999999999945e+03
9.261970000000000480e-01,2.453449999999999818e+03
9.376600000000000490e-01,2.453340000000000146e+03
9.491230000000000500e-01,2.453239999999999782e+03
9.605850000000000222e-01,2.453139999999999873e+03
9.720480000000000231e-01,2.453050000000000182e+03
9.835110000000000241e-01,2.452980000000000018e+03
9.949740000000000251e-01,2.452909999999999854e+03
1.006440000000000001e+00,2.452849999999999909e+03
1.017900000000000027e+00,2.452780000000000200e+03
1.029360000000000053e+00,2.452710000000000036e+03
1.040829999999999922e+00,2.452639999999999873e+03
1.052289999999999948e+00,2.452559999999999945e+03
1.063749999999999973e+00,2.452489999999999782e+03
1.075209999999999999e+00,2.452420000000000073e+03
1.086680000000000090e+00,2.452349999999999909e+03
1.098139999999999894e+00,2.452280000000000200e+03
1.098139999999999894e+00,2.452280000000000200e+03
1.109599999999999920e+00,2.452210000000000036e+03
1.121059999999999945e+00,2.452139999999999873e+03
1.132530000000000037e+00,2.452050000000000182e+03
1.143990000000000062e+00,2.451949999999999818e+03
1.155450000000000088e+00,2.451860000000000127e+03
1.166919999999999957e+00,2.451750000000000000e+03
1.178379999999999983e+00,2.451659999999999854e+03
1.189840000000000009e+00,2.451579999999999927e+03
1.201300000000000034e+00,2.451510000000000218e+03
1.212769999999999904e+00,2.451460000000000036e+03
1.224229999999999929e+00,2.451420000000000073e+03
1.235689999999999955e+00,2.451389999999999873e+03
1.247160000000000046e+00,2.451340000000000146e+03
1.258620000000000072e+00,2.451280000000000200e+03
1.270080000000000098e+00,2.451219999999999800e+03
1.281539999999999901e+00,2.451150000000000091e+03
1.293009999999999993e+00,2.451059999999999945e+03
1.304470000000000018e+00,2.450969999999999800e+03
1.315930000000000044e+00,2.450889999999999873e+03
1.327399999999999913e+00,2.450809999999999945e+03
1.338859999999999939e+00,2.450730000000000018e+03
1.350319999999999965e+00,2.450690000000000055e+03
1.361779999999999990e+00,2.450659999999999854e+03
1.373250000000000082e+00,2.450630000000000109e+03
1.373250000000000082e+00,2.450630000000000109e+03
1.384710000000000107e+00,2.450579999999999927e+03
1.396169999999999911e+00,2.450539999999999964e+03
1.407640000000000002e+00,2.450489999999999782e+03
1.419100000000000028e+00,2.450409999999999854e+03
1.430560000000000054e+00,2.450320000000000164e+03
1.442020000000000080e+00,2.450230000000000018e+03
1.453489999999999949e+00,2.450170000000000073e+03
1.464949999999999974e+00,2.450119999999999891e+03
1.476410000000000000e+00,2.450059999999999945e+03
1.487880000000000091e+00,2.450030000000000200e+03
1.499339999999999895e+00,2.450019999999999982e+03
1.510799999999999921e+00,2.449980000000000018e+03
1.522259999999999946e+00,2.449920000000000073e+03
1.533730000000000038e+00,2.449840000000000146e+03
1.545190000000000063e+00,2.449780000000000200e+03
1.556650000000000089e+00,2.449719999999999800e+03
1.568109999999999893e+00,2.449650000000000091e+03
1.579579999999999984e+00,2.449590000000000146e+03
1.591040000000000010e+00,2.449559999999999945e+03
1.602500000000000036e+00,2.449539999999999964e+03
1.613969999999999905e+00,2.449510000000000218e+03
1.625429999999999930e+00,2.449440000000000055e+03
1.636889999999999956e+00,2.449380000000000109e+03
1.648349999999999982e+00,2.449329999999999927e+03
1.648349999999999982e+00,2.449329999999999927e+03
1.659820000000000073e+00,2.449289999999999964e+03
1.671280000000000099e+00,2.449239999999999782e+03
1.671280000000000099e+00,2.449239999999999782e+03
1.682739999999999903e+00,2.449179999999999836e+03
1.694209999999999994e+00,2.449130000000000109e+03
1.705670000000000019e+00,2.449110000000000127e+03
1.717130000000000045e+00,2.449090000000000146e+03
1.728590000000000071e+00,2.449030000000000200e+03
1.740059999999999940e+00,2.448960000000000036e+03
1.751519999999999966e+00,2.448900000000000091e+03
1.762979999999999992e+00,2.448880000000000109e+03
1.774450000000000083e+00,2.448849999999999909e+03
1.785910000000000108e+00,2.448800000000000182e+03
1.797369999999999912e+00,2.448739999999999782e+03
1.808829999999999938e+00,2.448690000000000055e+03
1.820300000000000029e+00,2.448670000000000073e+03
1.831760000000000055e+00,2.448639999999999873e+03
1.843220000000000081e+00,2.448590000000000146e+03
1.854689999999999950e+00,2.448530000000000200e+03
1.866149999999999975e+00,2.448480000000000018e+03
1.877610000000000001e+00,2.448460000000000036e+03
1.889070000000000027e+00,2.448440000000000055e+03
1.900539999999999896e+00,2.448400000000000091e+03
1.911999999999999922e+00,2.448329999999999927e+03
1.923459999999999948e+00,2.448269999999999982e+03
1.934930000000000039e+00,2.448239999999999782e+03
1.946390000000000065e+00,2.448230000000000018e+03
1.957850000000000090e+00,2.448199999999999818e+03
1.957850000000000090e+00,2.448199999999999818e+03
1.969309999999999894e+00,2.448139999999999873e+03
1.980779999999999985e+00,2.448079999999999927e+03
1.992240000000000011e+00,2.448039999999999964e+03
2.003699999999999815e+00,2.448019999999999982e+03
2.015159999999999840e+00,2.448010000000000218e+03
2.026629999999999932e+00,2.447969999999999800e+03
2.038089999999999957e+00,2.447909999999999854e+03
2.049549999999999983e+00,2.447849999999999909e+03
2.061020000000000074e+00,2.447820000000000164e+03
2.072480000000000100e+00,2.447820000000000164e+03
2.083940000000000126e+00,2.447800000000000182e+03
2.095470000000000166e+00,2.447760000000000218e+03
2.106529999999999792e+00,2.447699999999999818e+03
2.117129999999999956e+00,2.447639999999999873e+03
2.127289999999999903e+00,2.447619999999999891e+03
2.137039999999999829e+00,2.447610000000000127e+03
2.137039999999999829e+00,2.447610000000000127e+03
2.146389999999999798e+00,2.447610000000000127e+03
2.155359999999999943e+00,2.447599999999999909e+03
2.163949999999999818e+00,2.447559999999999945e+03
2.172190000000000065e+00,2.447510000000000218e+03
2.180099999999999927e+00,2.447460000000000036e+03
2.187679999999999847e+00,2.447429999999999836e+03
2.194949999999999957e+00,2.447409999999999854e+03
2.201919999999999877e+00,2.447409999999999854e+03
2.208600000000000119e+00,2.447420000000000073e+03
2.215009999999999923e+00,2.447420000000000073e+03
2.221159999999999801e+00,2.447409999999999854e+03
2.227050000000000196e+00,2.447400000000000091e+03
2.232699999999999907e+00,2.447380000000000109e+03
2.238119999999999887e+00,2.447340000000000146e+03
2.243320000000000203e+00,2.447309999999999945e+03
2.248299999999999965e+00,2.447269999999999982e+03
2.253080000000000194e+00,2.447239999999999782e+03
2.257660000000000000e+00,2.447219999999999800e+03
2.262049999999999894e+00,2.447210000000000036e+03
2.266270000000000007e+00,2.447210000000000036e+03
2.270309999999999828e+00,2.447219999999999800e+03
2.274179999999999868e+00,2.447199999999999818e+03
2.277899999999999814e+00,2.446969999999999800e+03
2.281460000000000043e+00,2.446159999999999854e+03
2.284879999999999800e+00,2.449019999999999982e+03
2.288149999999999906e+00,2.490110000000000127e+03
2.291300000000000114e+00,2.792079999999999927e+03
2.294309999999999850e+00,3.584619999999999891e+03
2.297200000000000131e+00,4.564220000000000255e+03
2.299970000000000070e+00,5.352439999999999600e+03
2.299970000000000070e+00,5.352439999999999600e+03
2.302620000000000111e+00,5.929909999999999854e+03
2.305169999999999941e+00,6.382479999999999563e+03
2.307609999999999939e+00,6.755970000000000255e+03
2.309959999999999791e+00,7.053560000000000400e+03
2.312199999999999811e+00,7.299390000000000327e+03
2.314360000000000195e+00,7.508159999999999854e+03
2.316419999999999924e+00,7.689710000000000036e+03
2.318400000000000016e+00,7.850699999999999818e+03
2.320300000000000029e+00,7.995529999999999745e+03
2.322119999999999962e+00,8.127189999999999600e+03
2.323869999999999880e+00,8.247819999999999709e+03
2.325540000000000163e+00,8.358989999999999782e+03
2.327150000000000052e+00,8.461819999999999709e+03
2.328689999999999927e+00,8.557110000000000582e+03
2.330169999999999852e+00,8.645370000000000800e+03
2.331580000000000208e+00,8.726940000000000509e+03
2.332939999999999792e+00,8.802000000000000000e+03
2.334239999999999871e+00,8.870680000000000291e+03
2.335490000000000066e+00,8.933120000000000800e+03
2.336689999999999934e+00,8.989540000000000873e+03
2.337839999999999918e+00,9.040309999999999491e+03
2.338940000000000019e+00,9.085909999999999854e+03
2.339989999999999792e+00,9.127049999999999272e+03
2.341009999999999813e+00,9.164610000000000582e+03
2.341979999999999951e+00,9.199709999999999127e+03
2.342909999999999826e+00,9.233659999999999854e+03
2.343799999999999883e+00,9.267969999999999345e+03
2.344660000000000188e+00,9.304350000000000364e+03
2.345479999999999787e+00,9.344670000000000073e+03
2.346260000000000012e+00,9.390909999999999854e+03
2.347020000000000106e+00,9.445440000000000509e+03
2.347739999999999938e+00,9.510569999999999709e+03
2.348440000000000083e+00,9.587649999999999636e+03
2.348440000000000083e+00,9.587649999999999636e+03
2.349099999999999966e+00,9.678340000000000146e+03
2.349740000000000162e+00,9.784489999999999782e+03
2.350350000000000161e+00,9.906520000000000437e+03
2.350940000000000030e+00,1.004310000000000036e+04
2.351500000000000146e+00,1.018960000000000036e+04
2.352040000000000131e+00,1.034029999999999927e+04
2.352559999999999985e+00,1.055179999999999927e+04
2.353060000000000151e+00,1.041439999999999964e+04
2.353429999999999911e+00,1.016550000000000000e+04
2.353810000000000180e+00,1.012979999999999927e+04
2.354190000000000005e+00,1.002989999999999964e+04
2.354569999999999830e+00,9.948600000000000364e+03
2.354950000000000099e+00,9.899309999999999491e+03
2.355319999999999858e+00,9.882790000000000873e+03
2.355700000000000127e+00,9.893260000000000218e+03
2.356079999999999952e+00,9.924549999999999272e+03
2.356460000000000221e+00,9.972280000000000655e+03
2.356829999999999981e+00,1.003350000000000000e+04
2.357209999999999805e+00,1.010589999999999964e+04
2.357590000000000074e+00,1.018789999999999964e+04
2.357969999999999899e+00,1.027829999999999927e+04
2.358350000000000168e+00,1.037639999999999964e+04
2.358719999999999928e+00,1.048139999999999964e+04
2.359100000000000197e+00,1.059279999999999927e+04
2.359480000000000022e+00,1.071010000000000036e+04
2.359859999999999847e+00,1.083310000000000036e+04
2.360230000000000050e+00,1.096150000000000000e+04
2.360609999999999875e+00,1.109500000000000000e+04
2.360990000000000144e+00,1.123350000000000000e+04
2.361369999999999969e+00,1.137670000000000073e+04
2.361749999999999794e+00,1.152450000000000000e+04
2.362119999999999997e+00,1.167679999999999927e+04
2.362499999999999822e+00,1.183350000000000000e+04
2.362880000000000091e+00,1.199450000000000000e+04
2.363259999999999916e+00,1.215979999999999927e+04
2.363640000000000185e+00,1.232920000000000073e+04
2.364009999999999945e+00,1.250270000000000073e+04
2.364390000000000214e+00,1.268029999999999927e+04
2.364770000000000039e+00,1.286179999999999927e+04
2.364770000000000039e+00,1.286179999999999927e+04
2.365149999999999864e+00,1.304729999999999927e+04
2.365520000000000067e+00,1.323679999999999927e+04
2.365899999999999892e+00,1.343010000000000036e+04
2.366280000000000161e+00,1.362739999999999964e+04
2.366659999999999986e+00,1.382850000000000000e+04
2.367039999999999811e+00,1.403360000000000036e+04
2.367410000000000014e+00,1.424239999999999964e+04
2.367789999999999839e+00,1.445520000000000073e+04
2.368170000000000108e+00,1.467179999999999927e+04
2.368549999999999933e+00,1.489239999999999964e+04
2.368920000000000137e+00,1.511689999999999964e+04
2.369299999999999962e+00,1.534529999999999927e+04
2.369679999999999787e+00,1.557770000000000073e+04
2.370060000000000056e+00,1.581420000000000073e+04
2.370439999999999880e+00,1.605470000000000073e+04
2.370810000000000084e+00,1.629929999999999927e+04
2.371189999999999909e+00,1.654809999999999854e+04
2.371570000000000178e+00,1.680109999999999854e+04
2.371950000000000003e+00,1.705840000000000146e+04
2.372320000000000206e+00,1.732000000000000000e+04
2.372700000000000031e+00,1.758609999999999854e+04
2.373079999999999856e+00,1.785659999999999854e+04
2.373460000000000125e+00,1.813159999999999854e+04
2.373839999999999950e+00,1.841129999999999927e+04
2.374210000000000154e+00,1.869550000000000000e+04
2.374589999999999979e+00,1.898450000000000000e+04
2.374969999999999803e+00,1.927820000000000073e+04
2.375350000000000072e+00,1.957659999999999854e+04
2.375729999999999897e+00,1.987990000000000146e+04
2.376100000000000101e+00,2.018809999999999854e+04
2.376479999999999926e+00,2.050109999999999854e+04
2.376860000000000195e+00,2.081900000000000000e+04
2.377240000000000020e+00,2.114179999999999927e+04
2.377609999999999779e+00,2.146950000000000000e+04
2.377990000000000048e+00,2.180209999999999854e+04
2.378369999999999873e+00,2.213950000000000000e+04
2.378750000000000142e+00,2.248159999999999854e+04
2.379129999999999967e+00,2.282850000000000000e+04
2.379500000000000171e+00,2.318009999999999854e+04
2.379500000000000171e+00,2.318009999999999854e+04
2.379879999999999995e+00,2.353620000000000073e+04
2.380259999999999820e+00,2.389679999999999927e+04
2.380640000000000089e+00,2.426179999999999927e+04
2.381019999999999914e+00,2.463109999999999854e+04
2.381390000000000118e+00,2.500459999999999854e+04
2.381769999999999943e+00,2.538209999999999854e+04
2.382150000000000212e+00,2.576350000000000000e+04
2.382530000000000037e+00,2.614870000000000073e+04
2.382899999999999796e+00,2.653750000000000000e+04
2.383280000000000065e+00,2.692979999999999927e+04
2.383659999999999890e+00,2.732540000000000146e+04
2.384040000000000159e+00,2.772420000000000073e+04
2.384419999999999984e+00,2.812600000000000000e+04
2.384790000000000187e+00,2.853059999999999854e+04
2.385170000000000012e+00,2.893790000000000146e+04
2.385549999999999837e+00,2.934779999999999927e+04
2.385930000000000106e+00,2.976000000000000000e+04
2.386299999999999866e+00,3.017450000000000000e+04
2.386680000000000135e+00,3.059100000000000000e+04
2.387059999999999960e+00,3.100950000000000000e+04
2.387439999999999785e+00,3.142979999999999927e+04
2.387820000000000054e+00,3.185170000000000073e+04
2.388189999999999813e+00,3.227509999999999854e+04
2.388570000000000082e+00,3.269990000000000146e+04
2.388949999999999907e+00,3.312580000000000291e+04
2.389330000000000176e+00,3.355269999999999709e+04
2.389699999999999935e+00,3.398050000000000000e+04
2.390080000000000204e+00,3.440909999999999854e+04
2.390460000000000029e+00,3.483809999999999854e+04
2.390839999999999854e+00,3.526759999999999854e+04
2.391220000000000123e+00,3.569730000000000291e+04
2.391589999999999883e+00,3.612700000000000000e+04
2.391970000000000152e+00,3.655659999999999854e+04
2.392349999999999977e+00,3.698580000000000291e+04
2.392729999999999801e+00,3.741459999999999854e+04
2.393110000000000070e+00,3.784250000000000000e+04
2.393479999999999830e+00,3.826950000000000000e+04
2.393860000000000099e+00,3.869530000000000291e+04
2.394239999999999924e+00,3.911969999999999709e+04
2.394239999999999924e+00,3.911969999999999709e+04
2.394620000000000193e+00,3.954240000000000146e+04
2.394989999999999952e+00,3.996309999999999854e+04
2.395370000000000221e+00,4.038159999999999854e+04
2.395750000000000046e+00,4.079759999999999854e+04
2.396129999999999871e+00,4.121069999999999709e+04
2.396510000000000140e+00,4.162069999999999709e+04
2.396879999999999900e+00,4.202740000000000146e+04
2.397260000000000169e+00,4.243030000000000291e+04
2.397639999999999993e+00,4.282919999999999709e+04
2.398019999999999818e+00,4.322390000000000146e+04
2.398400000000000087e+00,4.361390000000000146e+04
2.398769999999999847e+00,4.399919999999999709e+04
2.399150000000000116e+00,4.437940000000000146e+04
2.399529999999999941e+00,4.475419999999999709e+04
2.399910000000000210e+00,4.512330000000000291e+04
2.400279999999999969e+00,4.548640000000000146e+04
2.400659999999999794e+00,4.584309999999999854e+04
2.401040000000000063e+00,4.619309999999999854e+04
2.401419999999999888e+00,4.653580000000000291e+04
2.401800000000000157e+00,4.687080000000000291e+04
2.402169999999999916e+00,4.719750000000000000e+04
2.402550000000000185e+00,4.751530000000000291e+04
2.402930000000000010e+00,4.782340000000000146e+04
2.403309999999999835e+00,4.812119999999999709e+04
2.403680000000000039e+00,4.840780000000000291e+04
2.404059999999999864e+00,4.868240000000000146e+04
2.404440000000000133e+00,4.894400000000000000e+04
2.404819999999999958e+00,4.919180000000000291e+04
2.405199999999999783e+00,4.942469999999999709e+04
2.405569999999999986e+00,4.964190000000000146e+04
2.405949999999999811e+00,4.984230000000000291e+04
2.406330000000000080e+00,5.002500000000000000e+04
2.406709999999999905e+00,5.018900000000000000e+04
2.407080000000000108e+00,5.033330000000000291e+04
2.407459999999999933e+00,5.045709999999999854e+04
2.407840000000000202e+00,5.056000000000000000e+04
2.408220000000000027e+00,5.064130000000000291e+04
2.408599999999999852e+00,5.070109999999999854e+04
2.408970000000000056e+00,5.073909999999999854e+04
2.409349999999999881e+00,5.075590000000000146e+04
2.409730000000000150e+00,5.075180000000000291e+04
2.410109999999999975e+00,5.072809999999999854e+04
2.410489999999999799e+00,5.068580000000000291e+04
2.410860000000000003e+00,5.062609999999999854e+04
2.411239999999999828e+00,5.055030000000000291e+04
2.411620000000000097e+00,5.046019999999999709e+04
2.411999999999999922e+00,5.035740000000000146e+04
2.412370000000000125e+00,5.024359999999999854e+04
2.412749999999999950e+00,5.012040000000000146e+04
2.413130000000000219e+00,4.998959999999999854e+04
2.413130000000000219e+00,4.998959999999999854e+04
2.413510000000000044e+00,4.985259999999999854e+04
2.413889999999999869e+00,4.971090000000000146e+04
2.414260000000000073e+00,4.956550000000000000e+04
2.414639999999999898e+00,4.941759999999999854e+04
2.415020000000000167e+00,4.926800000000000000e+04
2.415399999999999991e+00,4.911740000000000146e+04
2.415770000000000195e+00,4.896619999999999709e+04
2.416150000000000020e+00,4.881469999999999709e+04
2.416529999999999845e+00,4.866330000000000291e+04
2.416910000000000114e+00,4.851200000000000000e+04
2.417289999999999939e+00,4.836109999999999854e+04
2.417660000000000142e+00,4.821059999999999854e+04
2.418039999999999967e+00,4.806069999999999709e+04
2.418419999999999792e+00,4.791169999999999709e+04
2.418800000000000061e+00,4.776350000000000000e+04
2.419179999999999886e+00,4.761659999999999854e+04
2.419550000000000090e+00,4.747090000000000146e+04
2.419929999999999914e+00,4.732669999999999709e+04
2.420310000000000183e+00,4.718419999999999709e+04
2.420690000000000008e+00,4.704330000000000291e+04
2.421060000000000212e+00,4.690419999999999709e+04
2.421440000000000037e+00,4.676669999999999709e+04
2.421819999999999862e+00,4.663090000000000146e+04
2.422200000000000131e+00,4.649659999999999854e+04
2.422579999999999956e+00,4.636359999999999854e+04
2.422950000000000159e+00,4.623200000000000000e+04
2.423329999999999984e+00,4.610169999999999709e+04
2.423709999999999809e+00,4.597269999999999709e+04
2.424090000000000078e+00,4.584519999999999709e+04
2.424459999999999837e+00,4.571930000000000291e+04
2.424840000000000106e+00,4.559540000000000146e+04
2.425219999999999931e+00,4.547359999999999854e+04
2.425600000000000200e+00,4.535430000000000291e+04
2.425980000000000025e+00,4.523780000000000291e+04
2.426349999999999785e+00,4.512400000000000000e+04
2.426730000000000054e+00,4.501330000000000291e+04
2.426730000000000054e+00,4.501330000000000291e+04
2.427109999999999879e+00,4.490530000000000291e+04
2.427490000000000148e+00,4.480009999999999854e+04
2.427869999999999973e+00,4.469740000000000146e+04
2.428240000000000176e+00,4.459680000000000291e+04
2.428620000000000001e+00,4.449809999999999854e+04
2.428999999999999826e+00,4.440090000000000146e+04
2.429380000000000095e+00,4.430490000000000146e+04
2.429749999999999854e+00,4.421000000000000000e+04
2.430130000000000123e+00,4.411609999999999854e+04
2.430509999999999948e+00,4.402340000000000146e+04
2.430890000000000217e+00,4.393209999999999854e+04
2.431270000000000042e+00,4.384250000000000000e+04
2.431639999999999802e+00,4.375519999999999709e+04
2.432020000000000071e+00,4.367040000000000146e+04
2.432399999999999896e+00,4.358869999999999709e+04
2.432780000000000165e+00,4.351030000000000291e+04
2.433149999999999924e+00,4.343540000000000146e+04
2.433530000000000193e+00,4.336409999999999854e+04
2.433910000000000018e+00,4.329630000000000291e+04
2.434289999999999843e+00,4.323180000000000291e+04
2.434670000000000112e+00,4.317009999999999854e+04
2.435039999999999871e+00,4.311080000000000291e+04
2.435420000000000140e+00,4.305359999999999854e+04
2.435799999999999965e+00,4.299790000000000146e+04
2.436179999999999790e+00,4.294340000000000146e+04
2.436560000000000059e+00,4.288990000000000146e+04
2.436929999999999819e+00,4.283700000000000000e+04
2.437310000000000088e+00,4.278490000000000146e+04
2.437689999999999912e+00,4.273359999999999854e+04
2.438070000000000181e+00,4.268330000000000291e+04
2.438439999999999941e+00,4.263430000000000291e+04
2.438820000000000210e+00,4.258690000000000146e+04
2.439200000000000035e+00,4.254140000000000146e+04
2.439579999999999860e+00,4.249809999999999854e+04
2.439960000000000129e+00,4.245730000000000291e+04
2.440329999999999888e+00,4.241900000000000000e+04
2.440710000000000157e+00,4.238330000000000291e+04
2.441089999999999982e+00,4.235009999999999854e+04
2.441469999999999807e+00,4.231919999999999709e+04
2.441840000000000011e+00,4.229030000000000291e+04
2.442219999999999835e+00,4.226309999999999854e+04
2.442600000000000104e+00,4.223719999999999709e+04
2.442979999999999929e+00,4.221219999999999709e+04
2.443360000000000198e+00,4.218790000000000146e+04
2.443729999999999958e+00,4.216400000000000000e+04
2.444109999999999783e+00,4.214030000000000291e+04
2.444490000000000052e+00,4.211669999999999709e+04
2.444869999999999877e+00,4.209330000000000291e+04
2.445250000000000146e+00,4.207000000000000000e+04
2.445250000000000146e+00,4.207000000000000000e+04
2.445619999999999905e+00,4.204709999999999854e+04
2.446000000000000174e+00,4.202459999999999854e+04
2.446379999999999999e+00,4.200290000000000146e+04
2.446759999999999824e+00,4.198200000000000000e+04
2.447130000000000027e+00,4.196219999999999709e+04
2.447509999999999852e+00,4.194359999999999854e+04
2.447890000000000121e+00,4.192630000000000291e+04
2.448269999999999946e+00,4.191040000000000146e+04
2.448650000000000215e+00,4.189600000000000000e+04
2.449019999999999975e+00,4.188300000000000000e+04
2.449399999999999800e+00,4.187140000000000146e+04
2.449780000000000069e+00,4.186119999999999709e+04
2.450159999999999894e+00,4.185200000000000000e+04
2.450530000000000097e+00,4.184400000000000000e+04
2.450909999999999922e+00,4.183669999999999709e+04
2.451290000000000191e+00,4.183019999999999709e+04
2.451670000000000016e+00,4.182419999999999709e+04
2.452049999999999841e+00,4.181859999999999854e+04
2.452420000000000044e+00,4.181309999999999854e+04
2.452799999999999869e+00,4.180780000000000291e+04
2.453180000000000138e+00,4.180250000000000000e+04
2.453559999999999963e+00,4.179700000000000000e+04
2.453939999999999788e+00,4.179150000000000000e+04
2.454309999999999992e+00,4.178590000000000146e+04
2.454689999999999817e+00,4.178009999999999854e+04
2.455070000000000086e+00,4.177430000000000291e+04
2.455449999999999910e+00,4.176850000000000000e+04
2.455820000000000114e+00,4.176269999999999709e+04
2.456199999999999939e+00,4.175709999999999854e+04
2.456580000000000208e+00,4.175169999999999709e+04
2.456960000000000033e+00,4.174659999999999854e+04
2.457339999999999858e+00,4.174180000000000291e+04
2.457710000000000061e+00,4.173750000000000000e+04
2.458089999999999886e+00,4.173359999999999854e+04
2.458470000000000155e+00,4.173009999999999854e+04
2.458849999999999980e+00,4.172709999999999854e+04
2.459220000000000184e+00,4.172459999999999854e+04
2.459600000000000009e+00,4.172259999999999854e+04
2.459979999999999833e+00,4.172100000000000000e+04
2.460360000000000102e+00,4.171980000000000291e+04
2.460739999999999927e+00,4.171890000000000146e+04
2.461110000000000131e+00,4.171819999999999709e+04
2.461489999999999956e+00,4.171780000000000291e+04
2.461869999999999781e+00,4.171759999999999854e+04
2.462250000000000050e+00,4.171740000000000146e+04
2.462629999999999875e+00,4.171730000000000291e+04
2.463000000000000078e+00,4.171709999999999854e+04
2.463379999999999903e+00,4.171690000000000146e+04
2.463760000000000172e+00,4.171659999999999854e+04
2.464139999999999997e+00,4.171609999999999854e+04
2.464139999999999997e+00,4.171609999999999854e+04
2.464510000000000201e+00,4.171540000000000146e+04
2.464890000000000025e+00,4.171459999999999854e+04
2.465269999999999850e+00,4.171350000000000000e+04
2.465650000000000119e+00,4.171230000000000291e+04
2.466029999999999944e+00,4.171090000000000146e+04
2.466400000000000148e+00,4.170919999999999709e+04
2.466779999999999973e+00,4.170740000000000146e+04
2.467159999999999798e+00,4.170530000000000291e+04
2.467540000000000067e+00,4.170309999999999854e+04
2.467909999999999826e+00,4.170069999999999709e+04
2.468290000000000095e+00,4.169819999999999709e+04
2.468669999999999920e+00,4.169550000000000000e+04
2.469050000000000189e+00,4.169269999999999709e+04
2.469430000000000014e+00,4.168980000000000291e+04
2.469800000000000217e+00,4.168669999999999709e+04
2.470180000000000042e+00,4.168359999999999854e+04
2.470559999999999867e+00,4.168040000000000146e+04
2.470940000000000136e+00,4.167709999999999854e+04
2.471319999999999961e+00,4.167369999999999709e+04
2.471690000000000165e+00,4.167030000000000291e+04
2.472069999999999990e+00,4.166690000000000146e+04
2.472449999999999815e+00,4.166330000000000291e+04
2.472830000000000084e+00,4.165969999999999709e+04
2.473199999999999843e+00,4.165609999999999854e+04
2.473580000000000112e+00,4.165240000000000146e+04
2.473959999999999937e+00,4.164850000000000000e+04
2.474340000000000206e+00,4.164469999999999709e+04
2.474720000000000031e+00,4.164069999999999709e+04
2.475089999999999790e+00,4.163669999999999709e+04
2.475470000000000059e+00,4.163259999999999854e+04
2.475849999999999884e+00,4.162840000000000146e+04
2.476230000000000153e+00,4.162419999999999709e+04
2.476599999999999913e+00,4.161990000000000146e+04
2.476599999999999913e+00,4.161990000000000146e+04
2.476980000000000182e+00,4.161559999999999854e+04
2.477360000000000007e+00,4.161130000000000291e+04
2.477739999999999831e+00,4.160690000000000146e+04
2.478120000000000100e+00,4.160250000000000000e+04
2.478489999999999860e+00,4.159809999999999854e+04
2.478870000000000129e+00,4.159369999999999709e+04
2.479249999999999954e+00,4.158930000000000291e+04
2.479629999999999779e+00,4.158490000000000146e+04
2.480010000000000048e+00,4.158059999999999854e+04
2.480379999999999807e+00,4.157619999999999709e+04
2.480760000000000076e+00,4.157180000000000291e+04
2.481139999999999901e+00,4.156740000000000146e+04
2.481520000000000170e+00,4.156300000000000000e+04
2.481889999999999930e+00,4.155850000000000000e+04
2.482270000000000199e+00,4.155409999999999854e+04
2.482650000000000023e+00,4.154950000000000000e+04
2.483029999999999848e+00,4.154490000000000146e+04
2.483410000000000117e+00,4.154030000000000291e+04
2.483779999999999877e+00,4.153550000000000000e+04
2.484160000000000146e+00,4.153069999999999709e+04
2.484539999999999971e+00,4.152580000000000291e+04
2.484919999999999796e+00,4.152080000000000291e+04
2.485289999999999999e+00,4.151580000000000291e+04
2.485669999999999824e+00,4.151059999999999854e+04
2.486050000000000093e+00,4.150540000000000146e+04
2.486429999999999918e+00,4.150009999999999854e+04
2.486810000000000187e+00,4.149480000000000291e+04
2.487179999999999946e+00,4.148940000000000146e+04
2.487560000000000215e+00,4.148390000000000146e+04
2.487940000000000040e+00,4.147840000000000146e+04
2.488319999999999865e+00,4.147290000000000146e+04
2.488700000000000134e+00,4.146740000000000146e+04
2.489069999999999894e+00,4.146180000000000291e+04
2.489450000000000163e+00,4.145619999999999709e+04
2.489829999999999988e+00,4.145059999999999854e+04
2.490209999999999813e+00,4.144500000000000000e+04
2.490580000000000016e+00,4.143930000000000291e+04
2.490959999999999841e+00,4.143369999999999709e+04
2.491340000000000110e+00,4.142809999999999854e+04
2.491719999999999935e+00,4.142250000000000000e+04
2.492100000000000204e+00,4.141690000000000146e+04
2.492469999999999963e+00,4.141140000000000146e+04
2.492849999999999788e+00,4.140580000000000291e+04
2.493230000000000057e+00,4.140030000000000291e+04
2.493609999999999882e+00,4.139469999999999709e+04
2.493980000000000086e+00,4.138909999999999854e+04
2.494359999999999911e+00,4.138359999999999854e+04
2.494740000000000180e+00,4.137800000000000000e+04
2.495120000000000005e+00,4.137240000000000146e+04
2.495499999999999829e+00,4.136690000000000146e+04
2.495870000000000033e+00,4.136119999999999709e+04
2.495870000000000033e+00,4.136119999999999709e+04
2.496249999999999858e+00,4.135559999999999854e+04
2.496630000000000127e+00,4.135000000000000000e+04
2.497009999999999952e+00,4.134430000000000291e+04
2.497390000000000221e+00,4.133859999999999854e+04
2.497759999999999980e+00,4.133290000000000146e+04
2.498139999999999805e+00,4.132719999999999709e+04
2.498520000000000074e+00,4.132150000000000000e+04
2.498899999999999899e+00,4.131580000000000291e+04
2.499270000000000103e+00,4.131009999999999854e+04
2.499649999999999928e+00,4.130440000000000146e+04
2.500030000000000197e+00,4.129869999999999709e+04
2.500410000000000021e+00,4.129300000000000000e+04
2.500789999999999846e+00,4.128730000000000291e+04
2.501160000000000050e+00,4.128150000000000000e+04
2.501539999999999875e+00,4.127580000000000291e+04
2.501920000000000144e+00,4.127030000000000291e+04
2.502299999999999969e+00,4.126540000000000146e+04
2.502670000000000172e+00,4.126080000000000291e+04
2.503049999999999997e+00,4.124140000000000146e+04
2.503429999999999822e+00,4.111140000000000146e+04
2.503810000000000091e+00,4.086080000000000291e+04
2.504189999999999916e+00,2.269070000000000073e+04
