# x(m), q(W/m2)
0.000000000000000000e+00,2.138140000000000000e+05
2.481370000000000103e-03,1.796230000000000000e+05
5.069009999999999662e-03,1.300160000000000000e+05
7.767490000000000158e-03,1.020230000000000000e+05
1.058160000000000003e-02,8.486989999999999418e+04
1.351620000000000078e-02,7.992960000000000582e+04
1.657640000000000155e-02,7.661060000000000582e+04
1.976779999999999857e-02,7.346289999999999418e+04
2.309589999999999907e-02,7.052080000000000291e+04
2.656649999999999984e-02,6.786639999999999418e+04
3.018569999999999934e-02,6.550840000000000146e+04
3.395999999999999713e-02,6.341290000000000146e+04
3.789599999999999913e-02,6.153950000000000000e+04
4.200050000000000311e-02,5.985380000000000291e+04
4.628079999999999694e-02,5.832569999999999709e+04
5.074449999999999794e-02,5.692969999999999709e+04
5.539929999999999854e-02,5.564469999999999709e+04
6.025359999999999744e-02,5.445340000000000146e+04
6.531570000000000431e-02,5.334300000000000000e+04
7.059469999999999634e-02,5.230390000000000146e+04
7.609979999999999523e-02,5.132819999999999709e+04
8.184059999999999946e-02,5.040819999999999709e+04
8.782739999999999991e-02,4.953840000000000146e+04
9.407060000000000421e-02,4.871590000000000146e+04
1.005810000000000037e-01,4.793609999999999854e+04
1.073709999999999942e-01,4.719240000000000146e+04
1.144509999999999972e-01,4.648119999999999709e+04
1.218339999999999979e-01,4.580000000000000000e+04
1.218339999999999979e-01,4.580000000000000000e+04
1.295340000000000102e-01,4.514690000000000146e+04
1.375639999999999918e-01,4.452050000000000000e+04
1.459370000000000112e-01,4.391690000000000146e+04
1.546690000000000009e-01,4.333380000000000291e+04
1.637760000000000049e-01,4.277180000000000291e+04
1.732720000000000093e-01,4.223080000000000291e+04
1.831750000000000045e-01,4.170909999999999854e+04
1.935020000000000073e-01,4.120409999999999854e+04
2.042710000000000081e-01,4.071330000000000291e+04
2.155019999999999991e-01,4.023609999999999854e+04
2.269650000000000001e-01,3.978180000000000291e+04
2.384280000000000010e-01,3.935700000000000000e+04
2.498910000000000020e-01,3.895830000000000291e+04
2.613530000000000020e-01,3.858419999999999709e+04
2.728160000000000029e-01,3.823340000000000146e+04
2.842790000000000039e-01,3.790380000000000291e+04
2.957420000000000049e-01,3.759309999999999854e+04
3.072050000000000058e-01,3.729890000000000146e+04
3.186669999999999781e-01,3.701909999999999854e+04
3.301299999999999790e-01,3.675169999999999709e+04
3.415929999999999800e-01,3.649500000000000000e+04
3.415929999999999800e-01,3.649500000000000000e+04
3.530559999999999810e-01,3.624840000000000146e+04
3.645189999999999819e-01,3.601090000000000146e+04
3.759819999999999829e-01,3.578209999999999854e+04
3.874440000000000106e-01,3.556259999999999854e+04
3.989070000000000116e-01,3.535200000000000000e+04
4.103700000000000125e-01,3.514909999999999854e+04
4.218330000000000135e-01,3.495290000000000146e+04
4.332960000000000145e-01,3.476309999999999854e+04
4.447579999999999867e-01,3.458050000000000000e+04
4.562209999999999877e-01,3.440590000000000146e+04
4.676839999999999886e-01,3.423819999999999709e+04
4.791469999999999896e-01,3.407609999999999854e+04
4.906099999999999905e-01,3.391890000000000146e+04
5.020729999999999915e-01,3.376459999999999854e+04
5.135349999999999637e-01,3.361240000000000146e+04
5.249979999999999647e-01,3.346330000000000291e+04
5.364609999999999657e-01,3.331780000000000291e+04
5.479239999999999666e-01,3.317669999999999709e+04
5.593869999999999676e-01,3.304009999999999854e+04
5.708490000000000508e-01,3.290750000000000000e+04
5.708490000000000508e-01,3.290750000000000000e+04
5.823120000000000518e-01,3.277809999999999854e+04
5.937750000000000528e-01,3.265150000000000000e+04
6.052380000000000537e-01,3.252759999999999854e+04
6.167010000000000547e-01,3.240640000000000146e+04
6.281639999999999446e-01,3.228790000000000146e+04
6.396260000000000279e-01,3.217229999999999927e+04
6.510890000000000288e-01,3.206000000000000000e+04
6.625520000000000298e-01,3.195129999999999927e+04
6.740150000000000308e-01,3.184620000000000073e+04
6.854780000000000317e-01,3.174409999999999854e+04
6.969410000000000327e-01,3.164459999999999854e+04
7.084030000000000049e-01,3.154759999999999854e+04
7.198660000000000059e-01,3.145309999999999854e+04
7.313290000000000068e-01,3.136140000000000146e+04
7.427920000000000078e-01,3.127270000000000073e+04
7.542550000000000088e-01,3.118640000000000146e+04
7.657169999999999810e-01,3.110150000000000000e+04
7.771799999999999820e-01,3.101679999999999927e+04
7.886429999999999829e-01,3.093190000000000146e+04
8.001059999999999839e-01,3.084679999999999927e+04
8.115689999999999849e-01,3.076240000000000146e+04
8.230319999999999858e-01,3.067929999999999927e+04
8.344939999999999580e-01,3.059829999999999927e+04
8.344939999999999580e-01,3.059829999999999927e+04
8.459569999999999590e-01,3.051909999999999854e+04
8.574199999999999600e-01,3.044150000000000000e+04
8.688829999999999609e-01,3.036520000000000073e+04
8.803459999999999619e-01,3.029009999999999854e+04
8.918089999999999629e-01,3.021620000000000073e+04
9.032710000000000461e-01,3.014370000000000073e+04
9.147340000000000471e-01,3.007259999999999854e+04
9.261970000000000480e-01,3.000300000000000000e+04
9.376600000000000490e-01,2.993459999999999854e+04
9.491230000000000500e-01,2.986690000000000146e+04
9.605850000000000222e-01,2.980000000000000000e+04
9.720480000000000231e-01,2.973420000000000073e+04
9.835110000000000241e-01,2.966959999999999854e+04
9.949740000000000251e-01,2.960609999999999854e+04
1.006440000000000001e+00,2.954359999999999854e+04
1.017900000000000027e+00,2.948200000000000000e+04
1.029360000000000053e+00,2.942109999999999854e+04
1.040829999999999922e+00,2.936100000000000000e+04
1.052289999999999948e+00,2.930159999999999854e+04
1.063749999999999973e+00,2.924320000000000073e+04
1.075209999999999999e+00,2.918559999999999854e+04
1.086680000000000090e+00,2.912890000000000146e+04
1.098139999999999894e+00,2.907290000000000146e+04
1.098139999999999894e+00,2.907290000000000146e+04
1.109599999999999920e+00,2.901759999999999854e+04
1.121059999999999945e+00,2.896300000000000000e+04
1.132530000000000037e+00,2.890909999999999854e+04
1.143990000000000062e+00,2.885609999999999854e+04
1.155450000000000088e+00,2.880379999999999927e+04
1.166919999999999957e+00,2.875200000000000000e+04
1.178379999999999983e+00,2.870090000000000146e+04
1.189840000000000009e+00,2.865029999999999927e+04
1.201300000000000034e+00,2.860029999999999927e+04
1.212769999999999904e+00,2.855090000000000146e+04
1.224229999999999929e+00,2.850220000000000073e+04
1.235689999999999955e+00,2.845409999999999854e+04
1.247160000000000046e+00,2.840650000000000000e+04
1.258620000000000072e+00,2.835959999999999854e+04
1.270080000000000098e+00,2.831329999999999927e+04
1.281539999999999901e+00,2.826750000000000000e+04
1.293009999999999993e+00,2.822209999999999854e+04
1.304470000000000018e+00,2.817729999999999927e+04
1.315930000000000044e+00,2.813300000000000000e+04
1.327399999999999913e+00,2.808909999999999854e+04
1.338859999999999939e+00,2.804559999999999854e+04
1.350319999999999965e+00,2.800270000000000073e+04
1.361779999999999990e+00,2.796029999999999927e+04
1.373250000000000082e+00,2.791840000000000146e+04
1.373250000000000082e+00,2.791840000000000146e+04
1.384710000000000107e+00,2.787679999999999927e+04
1.396169999999999911e+00,2.783579999999999927e+04
1.407640000000000002e+00,2.779520000000000073e+04
1.419100000000000028e+00,2.775500000000000000e+04
1.430560000000000054e+00,2.771520000000000073e+04
1.442020000000000080e+00,2.767579999999999927e+04
1.453489999999999949e+00,2.763690000000000146e+04
1.464949999999999974e+00,2.759820000000000073e+04
1.476410000000000000e+00,2.755990000000000146e+04
1.487880000000000091e+00,2.752200000000000000e+04
1.499339999999999895e+00,2.748459999999999854e+04
1.510799999999999921e+00,2.744740000000000146e+04
1.522259999999999946e+00,2.741070000000000073e+04
1.533730000000000038e+00,2.737420000000000073e+04
1.545190000000000063e+00,2.733820000000000073e+04
1.556650000000000089e+00,2.730250000000000000e+04
1.568109999999999893e+00,2.726709999999999854e+04
1.579579999999999984e+00,2.723190000000000146e+04
1.591040000000000010e+00,2.719700000000000000e+04
1.602500000000000036e+00,2.716250000000000000e+04
1.613969999999999905e+00,2.712829999999999927e+04
1.625429999999999930e+00,2.709440000000000146e+04
1.636889999999999956e+00,2.706090000000000146e+04
1.648349999999999982e+00,2.702770000000000073e+04
1.648349999999999982e+00,2.702770000000000073e+04
1.659820000000000073e+00,2.699479999999999927e+04
1.671280000000000099e+00,2.696209999999999854e+04
1.671280000000000099e+00,2.696209999999999854e+04
1.682739999999999903e+00,2.692959999999999854e+04
1.694209999999999994e+00,2.689740000000000146e+04
1.705670000000000019e+00,2.686550000000000000e+04
1.717130000000000045e+00,2.683390000000000146e+04
1.728590000000000071e+00,2.680259999999999854e+04
1.740059999999999940e+00,2.677150000000000000e+04
1.751519999999999966e+00,2.674079999999999927e+04
1.762979999999999992e+00,2.671029999999999927e+04
1.774450000000000083e+00,2.668009999999999854e+04
1.785910000000000108e+00,2.665009999999999854e+04
1.797369999999999912e+00,2.662029999999999927e+04
1.808829999999999938e+00,2.659059999999999854e+04
1.820300000000000029e+00,2.656109999999999854e+04
1.831760000000000055e+00,2.653190000000000146e+04
1.843220000000000081e+00,2.650290000000000146e+04
1.854689999999999950e+00,2.647400000000000000e+04
1.866149999999999975e+00,2.644540000000000146e+04
1.877610000000000001e+00,2.641709999999999854e+04
1.889070000000000027e+00,2.638909999999999854e+04
1.900539999999999896e+00,2.636129999999999927e+04
1.911999999999999922e+00,2.633370000000000073e+04
1.923459999999999948e+00,2.630629999999999927e+04
1.934930000000000039e+00,2.627909999999999854e+04
1.946390000000000065e+00,2.625209999999999854e+04
1.957850000000000090e+00,2.622540000000000146e+04
1.957850000000000090e+00,2.622540000000000146e+04
1.969309999999999894e+00,2.619890000000000146e+04
1.980779999999999985e+00,2.617250000000000000e+04
1.992240000000000011e+00,2.614640000000000146e+04
2.003699999999999815e+00,2.612040000000000146e+04
2.015159999999999840e+00,2.609479999999999927e+04
2.026629999999999932e+00,2.606929999999999927e+04
2.038089999999999957e+00,2.604390000000000146e+04
2.049549999999999983e+00,2.601870000000000073e+04
2.061020000000000074e+00,2.599359999999999854e+04
2.072480000000000100e+00,2.596859999999999854e+04
2.083940000000000126e+00,2.594379999999999927e+04
2.095470000000000166e+00,2.591909999999999854e+04
2.106529999999999792e+00,2.589540000000000146e+04
2.117129999999999956e+00,2.587270000000000073e+04
2.127289999999999903e+00,2.585109999999999854e+04
2.137039999999999829e+00,2.583059999999999854e+04
2.137039999999999829e+00,2.583059999999999854e+04
2.146389999999999798e+00,2.581120000000000073e+04
2.155359999999999943e+00,2.579270000000000073e+04
2.163949999999999818e+00,2.577520000000000073e+04
2.172190000000000065e+00,2.575840000000000146e+04
2.180099999999999927e+00,2.574229999999999927e+04
2.187679999999999847e+00,2.572690000000000146e+04
2.194949999999999957e+00,2.571229999999999927e+04
2.201919999999999877e+00,2.569829999999999927e+04
2.208600000000000119e+00,2.568500000000000000e+04
2.215009999999999923e+00,2.567229999999999927e+04
2.221159999999999801e+00,2.566020000000000073e+04
2.227050000000000196e+00,2.564859999999999854e+04
2.232699999999999907e+00,2.563750000000000000e+04
2.238119999999999887e+00,2.562679999999999927e+04
2.243320000000000203e+00,2.561650000000000000e+04
2.248299999999999965e+00,2.560659999999999854e+04
2.253080000000000194e+00,2.559709999999999854e+04
2.257660000000000000e+00,2.558790000000000146e+04
2.262049999999999894e+00,2.557920000000000073e+04
2.266270000000000007e+00,2.557079999999999927e+04
2.270309999999999828e+00,2.556279999999999927e+04
2.274179999999999868e+00,2.555520000000000073e+04
2.277899999999999814e+00,2.554790000000000146e+04
2.281460000000000043e+00,2.554090000000000146e+04
2.284879999999999800e+00,2.553420000000000073e+04
2.288149999999999906e+00,2.552750000000000000e+04
2.291300000000000114e+00,2.552100000000000000e+04
2.294309999999999850e+00,2.552540000000000146e+04
2.297200000000000131e+00,2.554120000000000073e+04
2.299970000000000070e+00,2.552120000000000073e+04
2.299970000000000070e+00,2.552120000000000073e+04
2.302620000000000111e+00,2.421809999999999854e+04
2.305169999999999941e+00,2.118800000000000000e+04
2.307609999999999939e+00,2.241259999999999854e+04
2.309959999999999791e+00,2.986170000000000073e+04
2.312199999999999811e+00,3.730600000000000000e+04
2.314360000000000195e+00,4.244740000000000146e+04
2.316419999999999924e+00,4.516509999999999854e+04
2.318400000000000016e+00,4.605359999999999854e+04
2.320300000000000029e+00,4.664859999999999854e+04
2.322119999999999962e+00,4.720900000000000000e+04
2.323869999999999880e+00,4.782090000000000146e+04
2.325540000000000163e+00,4.842959999999999854e+04
2.327150000000000052e+00,4.901319999999999709e+04
2.328689999999999927e+00,4.955969999999999709e+04
2.330169999999999852e+00,5.006109999999999854e+04
2.331580000000000208e+00,5.051100000000000000e+04
2.332939999999999792e+00,5.090059999999999854e+04
2.334239999999999871e+00,5.122819999999999709e+04
2.335490000000000066e+00,5.150409999999999854e+04
2.336689999999999934e+00,5.174840000000000146e+04
2.337839999999999918e+00,5.199250000000000000e+04
2.338940000000000019e+00,5.227559999999999854e+04
2.339989999999999792e+00,5.263659999999999854e+04
2.341009999999999813e+00,5.311319999999999709e+04
2.341979999999999951e+00,5.373880000000000291e+04
2.342909999999999826e+00,5.454059999999999854e+04
2.343799999999999883e+00,5.554219999999999709e+04
2.344660000000000188e+00,5.676330000000000291e+04
2.345479999999999787e+00,5.822080000000000291e+04
2.346260000000000012e+00,5.993059999999999854e+04
2.347020000000000106e+00,6.191430000000000291e+04
2.347739999999999938e+00,6.420319999999999709e+04
2.348440000000000083e+00,6.682360000000000582e+04
2.348440000000000083e+00,6.682360000000000582e+04
2.349099999999999966e+00,6.975210000000000582e+04
2.349740000000000162e+00,7.297110000000000582e+04
2.350350000000000161e+00,7.645189999999999418e+04
2.350940000000000030e+00,7.995900000000000000e+04
2.351500000000000146e+00,8.282789999999999418e+04
2.352040000000000131e+00,8.331300000000000000e+04
2.352559999999999985e+00,7.713219999999999709e+04
2.353060000000000151e+00,5.633940000000000146e+04
2.353429999999999911e+00,4.769880000000000291e+04
2.353810000000000180e+00,5.913380000000000291e+04
2.354190000000000005e+00,6.769660000000000582e+04
2.354569999999999830e+00,7.427739999999999418e+04
2.354950000000000099e+00,7.919839999999999418e+04
2.355319999999999858e+00,8.295500000000000000e+04
2.355700000000000127e+00,8.610480000000000291e+04
2.356079999999999952e+00,8.899230000000000291e+04
2.356460000000000221e+00,9.177130000000000291e+04
2.356829999999999981e+00,9.450900000000000000e+04
2.357209999999999805e+00,9.725139999999999418e+04
2.357590000000000074e+00,1.000250000000000000e+05
2.357969999999999899e+00,1.028420000000000000e+05
2.358350000000000168e+00,1.057150000000000000e+05
2.358719999999999928e+00,1.086500000000000000e+05
2.359100000000000197e+00,1.116520000000000000e+05
2.359480000000000022e+00,1.147230000000000000e+05
2.359859999999999847e+00,1.178630000000000000e+05
2.360230000000000050e+00,1.210770000000000000e+05
2.360609999999999875e+00,1.243660000000000000e+05
2.360990000000000144e+00,1.277250000000000000e+05
2.361369999999999969e+00,1.311550000000000000e+05
2.361749999999999794e+00,1.346620000000000000e+05
2.362119999999999997e+00,1.382380000000000000e+05
2.362499999999999822e+00,1.418800000000000000e+05
2.362880000000000091e+00,1.455950000000000000e+05
2.363259999999999916e+00,1.493750000000000000e+05
2.363640000000000185e+00,1.532200000000000000e+05
2.364009999999999945e+00,1.571310000000000000e+05
2.364390000000000214e+00,1.611020000000000000e+05
2.364770000000000039e+00,1.651370000000000000e+05
2.364770000000000039e+00,1.651370000000000000e+05
2.365149999999999864e+00,1.692300000000000000e+05
2.365520000000000067e+00,1.733870000000000000e+05
2.365899999999999892e+00,1.776010000000000000e+05
2.366280000000000161e+00,1.818780000000000000e+05
2.366659999999999986e+00,1.862140000000000000e+05
2.367039999999999811e+00,1.906110000000000000e+05
2.367410000000000014e+00,1.950710000000000000e+05
2.367789999999999839e+00,1.995900000000000000e+05
2.368170000000000108e+00,2.041770000000000000e+05
2.368549999999999933e+00,2.088210000000000000e+05
2.368920000000000137e+00,2.135430000000000000e+05
2.369299999999999962e+00,2.183280000000000000e+05
2.369679999999999787e+00,2.231840000000000000e+05
2.370060000000000056e+00,2.281240000000000000e+05
2.370439999999999880e+00,2.331090000000000000e+05
2.370810000000000084e+00,2.381900000000000000e+05
2.371189999999999909e+00,2.433590000000000000e+05
2.371570000000000178e+00,2.485590000000000000e+05
2.371950000000000003e+00,2.538600000000000000e+05
2.372320000000000206e+00,2.592590000000000000e+05
2.372700000000000031e+00,2.646860000000000000e+05
2.373079999999999856e+00,2.701980000000000000e+05
2.373460000000000125e+00,2.758200000000000000e+05
2.373839999999999950e+00,2.814960000000000000e+05
2.374210000000000154e+00,2.872040000000000000e+05
2.374589999999999979e+00,2.930190000000000000e+05
2.374969999999999803e+00,2.989350000000000000e+05
2.375350000000000072e+00,3.048740000000000000e+05
2.375729999999999897e+00,3.108380000000000000e+05
2.376100000000000101e+00,3.168890000000000000e+05
2.376479999999999926e+00,3.230380000000000000e+05
2.376860000000000195e+00,3.292180000000000000e+05
2.377240000000000020e+00,3.354200000000000000e+05
2.377609999999999779e+00,3.416370000000000000e+05
2.377990000000000048e+00,3.479170000000000000e+05
2.378369999999999873e+00,3.542760000000000000e+05
2.378750000000000142e+00,3.606550000000000000e+05
2.379129999999999967e+00,3.670340000000000000e+05
2.379500000000000171e+00,3.734090000000000000e+05
2.379500000000000171e+00,3.734090000000000000e+05
2.379879999999999995e+00,3.797770000000000000e+05
2.380259999999999820e+00,3.861280000000000000e+05
2.380640000000000089e+00,3.924970000000000000e+05
2.381019999999999914e+00,3.988920000000000000e+05
2.381390000000000118e+00,4.052670000000000000e+05
2.381769999999999943e+00,4.116020000000000000e+05
2.382150000000000212e+00,4.178940000000000000e+05
2.382530000000000037e+00,4.241400000000000000e+05
2.382899999999999796e+00,4.303400000000000000e+05
2.383280000000000065e+00,4.364880000000000000e+05
2.383659999999999890e+00,4.425800000000000000e+05
2.384040000000000159e+00,4.486110000000000000e+05
2.384419999999999984e+00,4.545800000000000000e+05
2.384790000000000187e+00,4.604830000000000000e+05
2.385170000000000012e+00,4.663190000000000000e+05
2.385549999999999837e+00,4.720860000000000000e+05
2.385930000000000106e+00,4.777820000000000000e+05
2.386299999999999866e+00,4.834070000000000000e+05
2.386680000000000135e+00,4.889570000000000000e+05
2.387059999999999960e+00,4.944320000000000000e+05
2.387439999999999785e+00,4.998300000000000000e+05
2.387820000000000054e+00,5.051490000000000000e+05
2.388189999999999813e+00,5.103860000000000000e+05
2.388570000000000082e+00,5.155380000000000000e+05
2.388949999999999907e+00,5.206030000000000000e+05
2.389330000000000176e+00,5.255780000000000000e+05
2.389699999999999935e+00,5.304570000000000000e+05
2.390080000000000204e+00,5.352360000000000000e+05
2.390460000000000029e+00,5.399090000000000000e+05
2.390839999999999854e+00,5.444680000000000000e+05
2.391220000000000123e+00,5.489030000000000000e+05
2.391589999999999883e+00,5.532030000000000000e+05
2.391970000000000152e+00,5.573560000000000000e+05
2.392349999999999977e+00,5.613450000000000000e+05
2.392729999999999801e+00,5.651620000000000000e+05
2.393110000000000070e+00,5.688250000000000000e+05
2.393479999999999830e+00,5.723240000000000000e+05
2.393860000000000099e+00,5.756060000000000000e+05
2.394239999999999924e+00,5.786360000000000000e+05
2.394239999999999924e+00,5.786360000000000000e+05
2.394620000000000193e+00,5.813900000000000000e+05
2.394989999999999952e+00,5.838420000000000000e+05
2.395370000000000221e+00,5.859670000000000000e+05
2.395750000000000046e+00,5.877780000000000000e+05
2.396129999999999871e+00,5.893010000000000000e+05
2.396510000000000140e+00,5.905070000000000000e+05
2.396879999999999900e+00,5.913580000000000000e+05
2.397260000000000169e+00,5.918300000000000000e+05
2.397639999999999993e+00,5.919680000000000000e+05
2.398019999999999818e+00,5.918240000000000000e+05
2.398400000000000087e+00,5.913800000000000000e+05
2.398769999999999847e+00,5.906220000000000000e+05
2.399150000000000116e+00,5.896050000000000000e+05
2.399529999999999941e+00,5.883730000000000000e+05
2.399910000000000210e+00,5.869190000000000000e+05
2.400279999999999969e+00,5.852760000000000000e+05
2.400659999999999794e+00,5.834840000000000000e+05
2.401040000000000063e+00,5.815480000000000000e+05
2.401419999999999888e+00,5.794940000000000000e+05
2.401800000000000157e+00,5.773380000000000000e+05
2.402169999999999916e+00,5.750970000000000000e+05
2.402550000000000185e+00,5.727870000000000000e+05
2.402930000000000010e+00,5.704170000000000000e+05
2.403309999999999835e+00,5.679950000000000000e+05
2.403680000000000039e+00,5.655310000000000000e+05
2.404059999999999864e+00,5.630310000000000000e+05
2.404440000000000133e+00,5.605010000000000000e+05
2.404819999999999958e+00,5.579460000000000000e+05
2.405199999999999783e+00,5.553720000000000000e+05
2.405569999999999986e+00,5.527820000000000000e+05
2.405949999999999811e+00,5.501790000000000000e+05
2.406330000000000080e+00,5.475670000000000000e+05
2.406709999999999905e+00,5.449480000000000000e+05
2.407080000000000108e+00,5.423270000000000000e+05
2.407459999999999933e+00,5.397070000000000000e+05
2.407840000000000202e+00,5.370910000000000000e+05
2.408220000000000027e+00,5.344850000000000000e+05
2.408599999999999852e+00,5.318920000000000000e+05
2.408970000000000056e+00,5.293170000000000000e+05
2.409349999999999881e+00,5.267620000000000000e+05
2.409730000000000150e+00,5.242300000000000000e+05
2.410109999999999975e+00,5.217190000000000000e+05
2.410489999999999799e+00,5.192300000000000000e+05
2.410860000000000003e+00,5.167620000000000000e+05
2.411239999999999828e+00,5.143140000000000000e+05
2.411620000000000097e+00,5.118860000000000000e+05
2.411999999999999922e+00,5.094780000000000000e+05
2.412370000000000125e+00,5.070900000000000000e+05
2.412749999999999950e+00,5.047230000000000000e+05
2.413130000000000219e+00,5.023770000000000000e+05
2.413130000000000219e+00,5.023770000000000000e+05
2.413510000000000044e+00,5.000530000000000000e+05
2.413889999999999869e+00,4.977530000000000000e+05
2.414260000000000073e+00,4.954790000000000000e+05
2.414639999999999898e+00,4.932320000000000000e+05
2.415020000000000167e+00,4.910190000000000000e+05
2.415399999999999991e+00,4.888420000000000000e+05
2.415770000000000195e+00,4.867060000000000000e+05
2.416150000000000020e+00,4.846170000000000000e+05
2.416529999999999845e+00,4.825760000000000000e+05
2.416910000000000114e+00,4.805850000000000000e+05
2.417289999999999939e+00,4.786440000000000000e+05
2.417660000000000142e+00,4.767500000000000000e+05
2.418039999999999967e+00,4.748990000000000000e+05
2.418419999999999792e+00,4.730870000000000000e+05
2.418800000000000061e+00,4.713100000000000000e+05
2.419179999999999886e+00,4.695640000000000000e+05
2.419550000000000090e+00,4.678480000000000000e+05
2.419929999999999914e+00,4.661620000000000000e+05
2.420310000000000183e+00,4.645080000000000000e+05
2.420690000000000008e+00,4.628890000000000000e+05
2.421060000000000212e+00,4.613050000000000000e+05
2.421440000000000037e+00,4.597590000000000000e+05
2.421819999999999862e+00,4.582510000000000000e+05
2.422200000000000131e+00,4.567790000000000000e+05
2.422579999999999956e+00,4.553430000000000000e+05
2.422950000000000159e+00,4.539400000000000000e+05
2.423329999999999984e+00,4.525680000000000000e+05
2.423709999999999809e+00,4.512260000000000000e+05
2.424090000000000078e+00,4.499110000000000000e+05
2.424459999999999837e+00,4.486220000000000000e+05
2.424840000000000106e+00,4.473590000000000000e+05
2.425219999999999931e+00,4.461210000000000000e+05
2.425600000000000200e+00,4.449090000000000000e+05
2.425980000000000025e+00,4.437240000000000000e+05
2.426349999999999785e+00,4.425670000000000000e+05
2.426730000000000054e+00,4.414380000000000000e+05
2.426730000000000054e+00,4.414380000000000000e+05
2.427109999999999879e+00,4.403390000000000000e+05
2.427490000000000148e+00,4.392680000000000000e+05
2.427869999999999973e+00,4.382260000000000000e+05
2.428240000000000176e+00,4.372120000000000000e+05
2.428620000000000001e+00,4.362220000000000000e+05
2.428999999999999826e+00,4.352540000000000000e+05
2.429380000000000095e+00,4.343070000000000000e+05
2.429749999999999854e+00,4.333760000000000000e+05
2.430130000000000123e+00,4.324610000000000000e+05
2.430509999999999948e+00,4.315600000000000000e+05
2.430890000000000217e+00,4.306710000000000000e+05
2.431270000000000042e+00,4.297940000000000000e+05
2.431639999999999802e+00,4.289290000000000000e+05
2.432020000000000071e+00,4.280770000000000000e+05
2.432399999999999896e+00,4.272390000000000000e+05
2.432780000000000165e+00,4.264140000000000000e+05
2.433149999999999924e+00,4.256050000000000000e+05
2.433530000000000193e+00,4.248100000000000000e+05
2.433910000000000018e+00,4.240310000000000000e+05
2.434289999999999843e+00,4.232670000000000000e+05
2.434670000000000112e+00,4.225190000000000000e+05
2.435039999999999871e+00,4.217840000000000000e+05
2.435420000000000140e+00,4.210640000000000000e+05
2.435799999999999965e+00,4.203560000000000000e+05
2.436179999999999790e+00,4.196600000000000000e+05
2.436560000000000059e+00,4.189750000000000000e+05
2.436929999999999819e+00,4.183000000000000000e+05
2.437310000000000088e+00,4.176350000000000000e+05
2.437689999999999912e+00,4.169790000000000000e+05
2.438070000000000181e+00,4.163320000000000000e+05
2.438439999999999941e+00,4.156940000000000000e+05
2.438820000000000210e+00,4.150650000000000000e+05
2.439200000000000035e+00,4.144440000000000000e+05
2.439579999999999860e+00,4.138320000000000000e+05
2.439960000000000129e+00,4.132280000000000000e+05
2.440329999999999888e+00,4.126310000000000000e+05
2.440710000000000157e+00,4.120420000000000000e+05
2.441089999999999982e+00,4.114590000000000000e+05
2.441469999999999807e+00,4.108820000000000000e+05
2.441840000000000011e+00,4.103110000000000000e+05
2.442219999999999835e+00,4.097460000000000000e+05
2.442600000000000104e+00,4.091840000000000000e+05
2.442979999999999929e+00,4.086270000000000000e+05
2.443360000000000198e+00,4.080740000000000000e+05
2.443729999999999958e+00,4.075260000000000000e+05
2.444109999999999783e+00,4.069810000000000000e+05
2.444490000000000052e+00,4.064400000000000000e+05
2.444869999999999877e+00,4.059030000000000000e+05
2.445250000000000146e+00,4.053710000000000000e+05
2.445250000000000146e+00,4.053710000000000000e+05
2.445619999999999905e+00,4.048430000000000000e+05
2.446000000000000174e+00,4.043190000000000000e+05
2.446379999999999999e+00,4.037990000000000000e+05
2.446759999999999824e+00,4.032830000000000000e+05
2.447130000000000027e+00,4.027710000000000000e+05
2.447509999999999852e+00,4.022620000000000000e+05
2.447890000000000121e+00,4.017570000000000000e+05
2.448269999999999946e+00,4.012560000000000000e+05
2.448650000000000215e+00,4.007580000000000000e+05
2.449019999999999975e+00,4.002630000000000000e+05
2.449399999999999800e+00,3.997730000000000000e+05
2.449780000000000069e+00,3.992860000000000000e+05
2.450159999999999894e+00,3.988040000000000000e+05
2.450530000000000097e+00,3.983250000000000000e+05
2.450909999999999922e+00,3.978510000000000000e+05
2.451290000000000191e+00,3.973800000000000000e+05
2.451670000000000016e+00,3.969130000000000000e+05
2.452049999999999841e+00,3.964500000000000000e+05
2.452420000000000044e+00,3.959900000000000000e+05
2.452799999999999869e+00,3.955340000000000000e+05
2.453180000000000138e+00,3.950800000000000000e+05
2.453559999999999963e+00,3.946300000000000000e+05
2.453939999999999788e+00,3.941810000000000000e+05
2.454309999999999992e+00,3.937350000000000000e+05
2.454689999999999817e+00,3.932900000000000000e+05
2.455070000000000086e+00,3.928470000000000000e+05
2.455449999999999910e+00,3.924050000000000000e+05
2.455820000000000114e+00,3.919640000000000000e+05
2.456199999999999939e+00,3.915240000000000000e+05
2.456580000000000208e+00,3.910850000000000000e+05
2.456960000000000033e+00,3.906460000000000000e+05
2.457339999999999858e+00,3.902090000000000000e+05
2.457710000000000061e+00,3.897730000000000000e+05
2.458089999999999886e+00,3.893390000000000000e+05
2.458470000000000155e+00,3.889060000000000000e+05
2.458849999999999980e+00,3.884760000000000000e+05
2.459220000000000184e+00,3.880480000000000000e+05
2.459600000000000009e+00,3.876230000000000000e+05
2.459979999999999833e+00,3.872020000000000000e+05
2.460360000000000102e+00,3.867840000000000000e+05
2.460739999999999927e+00,3.863690000000000000e+05
2.461110000000000131e+00,3.859580000000000000e+05
2.461489999999999956e+00,3.855510000000000000e+05
2.461869999999999781e+00,3.851480000000000000e+05
2.462250000000000050e+00,3.847470000000000000e+05
2.462629999999999875e+00,3.843500000000000000e+05
2.463000000000000078e+00,3.839560000000000000e+05
2.463379999999999903e+00,3.835640000000000000e+05
2.463760000000000172e+00,3.831730000000000000e+05
2.464139999999999997e+00,3.827850000000000000e+05
2.464139999999999997e+00,3.827850000000000000e+05
2.464510000000000201e+00,3.823970000000000000e+05
2.464890000000000025e+00,3.820110000000000000e+05
2.465269999999999850e+00,3.816250000000000000e+05
2.465650000000000119e+00,3.812400000000000000e+05
2.466029999999999944e+00,3.808550000000000000e+05
2.466400000000000148e+00,3.804700000000000000e+05
2.466779999999999973e+00,3.800850000000000000e+05
2.467159999999999798e+00,3.797010000000000000e+05
2.467540000000000067e+00,3.793170000000000000e+05
2.467909999999999826e+00,3.789340000000000000e+05
2.468290000000000095e+00,3.785510000000000000e+05
2.468669999999999920e+00,3.781690000000000000e+05
2.469050000000000189e+00,3.777890000000000000e+05
2.469430000000000014e+00,3.774100000000000000e+05
2.469800000000000217e+00,3.770320000000000000e+05
2.470180000000000042e+00,3.766570000000000000e+05
2.470559999999999867e+00,3.762840000000000000e+05
2.470940000000000136e+00,3.759130000000000000e+05
2.471319999999999961e+00,3.755440000000000000e+05
2.471690000000000165e+00,3.751790000000000000e+05
2.472069999999999990e+00,3.748160000000000000e+05
2.472449999999999815e+00,3.744570000000000000e+05
2.472830000000000084e+00,3.741000000000000000e+05
2.473199999999999843e+00,3.737460000000000000e+05
2.473580000000000112e+00,3.733960000000000000e+05
2.473959999999999937e+00,3.730480000000000000e+05
2.474340000000000206e+00,3.727020000000000000e+05
2.474720000000000031e+00,3.723600000000000000e+05
2.475089999999999790e+00,3.720200000000000000e+05
2.475470000000000059e+00,3.716810000000000000e+05
2.475849999999999884e+00,3.713450000000000000e+05
2.476230000000000153e+00,3.710100000000000000e+05
2.476599999999999913e+00,3.706770000000000000e+05
2.476599999999999913e+00,3.706770000000000000e+05
2.476980000000000182e+00,3.703450000000000000e+05
2.477360000000000007e+00,3.700130000000000000e+05
2.477739999999999831e+00,3.696830000000000000e+05
2.478120000000000100e+00,3.693530000000000000e+05
2.478489999999999860e+00,3.690230000000000000e+05
2.478870000000000129e+00,3.686930000000000000e+05
2.479249999999999954e+00,3.683640000000000000e+05
2.479629999999999779e+00,3.680330000000000000e+05
2.480010000000000048e+00,3.677030000000000000e+05
2.480379999999999807e+00,3.673720000000000000e+05
2.480760000000000076e+00,3.670410000000000000e+05
2.481139999999999901e+00,3.667100000000000000e+05
2.481520000000000170e+00,3.663780000000000000e+05
2.481889999999999930e+00,3.660460000000000000e+05
2.482270000000000199e+00,3.657150000000000000e+05
2.482650000000000023e+00,3.653830000000000000e+05
2.483029999999999848e+00,3.650520000000000000e+05
2.483410000000000117e+00,3.647220000000000000e+05
2.483779999999999877e+00,3.643920000000000000e+05
2.484160000000000146e+00,3.640630000000000000e+05
2.484539999999999971e+00,3.637350000000000000e+05
2.484919999999999796e+00,3.634090000000000000e+05
2.485289999999999999e+00,3.630830000000000000e+05
2.485669999999999824e+00,3.627590000000000000e+05
2.486050000000000093e+00,3.624370000000000000e+05
2.486429999999999918e+00,3.621150000000000000e+05
2.486810000000000187e+00,3.617950000000000000e+05
2.487179999999999946e+00,3.614770000000000000e+05
2.487560000000000215e+00,3.611600000000000000e+05
2.487940000000000040e+00,3.608440000000000000e+05
2.488319999999999865e+00,3.605290000000000000e+05
2.488700000000000134e+00,3.602150000000000000e+05
2.489069999999999894e+00,3.599010000000000000e+05
2.489450000000000163e+00,3.595890000000000000e+05
2.489829999999999988e+00,3.592770000000000000e+05
2.490209999999999813e+00,3.589660000000000000e+05
2.490580000000000016e+00,3.586560000000000000e+05
2.490959999999999841e+00,3.583460000000000000e+05
2.491340000000000110e+00,3.580360000000000000e+05
2.491719999999999935e+00,3.577270000000000000e+05
2.492100000000000204e+00,3.574180000000000000e+05
2.492469999999999963e+00,3.571100000000000000e+05
2.492849999999999788e+00,3.568020000000000000e+05
2.493230000000000057e+00,3.564940000000000000e+05
2.493609999999999882e+00,3.561860000000000000e+05
2.493980000000000086e+00,3.558790000000000000e+05
2.494359999999999911e+00,3.555710000000000000e+05
2.494740000000000180e+00,3.552640000000000000e+05
2.495120000000000005e+00,3.549570000000000000e+05
2.495499999999999829e+00,3.546500000000000000e+05
2.495870000000000033e+00,3.543430000000000000e+05
2.495870000000000033e+00,3.543430000000000000e+05
2.496249999999999858e+00,3.540370000000000000e+05
2.496630000000000127e+00,3.537300000000000000e+05
2.497009999999999952e+00,3.534240000000000000e+05
2.497390000000000221e+00,3.531190000000000000e+05
2.497759999999999980e+00,3.528140000000000000e+05
2.498139999999999805e+00,3.525100000000000000e+05
2.498520000000000074e+00,3.522060000000000000e+05
2.498899999999999899e+00,3.519020000000000000e+05
2.499270000000000103e+00,3.516000000000000000e+05
2.499649999999999928e+00,3.512980000000000000e+05
2.500030000000000197e+00,3.509970000000000000e+05
2.500410000000000021e+00,3.506960000000000000e+05
2.500789999999999846e+00,3.503960000000000000e+05
2.501160000000000050e+00,3.500970000000000000e+05
2.501539999999999875e+00,3.498000000000000000e+05
2.501920000000000144e+00,3.495060000000000000e+05
2.502299999999999969e+00,3.492140000000000000e+05
2.502670000000000172e+00,3.487950000000000000e+05
2.503049999999999997e+00,3.491930000000000000e+05
2.503429999999999822e+00,3.520090000000000000e+05
2.503810000000000091e+00,3.801040000000000000e+05
2.504189999999999916e+00,2.047290000000000000e+05
