x (mm),P (Pa)
0,1997.27
0.0994524,2833.69
0.199899,2661.74
0.301351,2635.92
0.403817,2637.32
0.507307,2621.02
0.611832,2598.41
0.717403,2571.37
0.82403,2545.67
0.931722,2523.25
1.04049,2503.8
1.15035,2486.61
1.26131,2471.01
1.37337,2456.57
1.48656,2443.03
1.60087,2430.25
1.71634,2418.14
1.83295,2406.65
1.95073,2395.75
2.06969,2385.42
2.18984,2375.68
2.31119,2366.5
2.43376,2357.83
2.55755,2349.63
2.68258,2341.85
2.80885,2334.45
2.93639,2327.4
3.06521,2320.66
3.19531,2314.23
3.32672,2308.08
3.45944,2302.2
3.59349,2296.58
3.72887,2291.16
3.86561,2285.93
4.00372,2280.87
4.14321,2275.98
4.2841,2271.28
4.42639,2266.77
4.57011,2262.43
4.71526,2258.27
4.86187,2254.26
5.00994,2250.4
5.15949,2246.65
5.31054,2242.99
5.46309,2239.42
5.61718,2235.93
5.7728,2232.55
5.92998,2229.28
6.08873,2226.11
6.24907,2223.04
6.41102,2220.06
6.57458,2217.15
6.73978,2214.32
6.90663,2211.54
7.07515,2208.82
7.24535,2206.16
7.41726,2203.58
7.59088,2201.1
7.76624,2198.7
7.94336,2196.38
8.12224,2194.09
8.30292,2191.82
8.4854,2189.58
8.66971,2187.36
8.85585,2185.18
9.04387,2183.07
9.23376,2181.04
9.42555,2179.08
9.61925,2177.19
9.8149,2175.38
10.0125,2173.63
10.2121,2171.92
10.4137,2170.22
10.6172,2168.54
10.8229,2166.87
11.0305,2165.25
11.2403,2163.7
11.4522,2162.22
11.6661,2160.82
11.8822,2159.47
12.1005,2158.17
12.321,2156.9
12.5436,2155.66
12.7685,2154.47
12.9957,2153.33
13.2251,2152.25
13.4568,2151.22
13.6908,2150.25
13.9272,2149.33
14.1659,2148.47
14.407,2147.67
14.6505,2146.92
14.8965,2146.21
15.1449,2145.54
15.3958,2144.9
15.6492,2144.3
15.9051,2143.76
16.1637,2143.29
16.4247,2142.88
16.6884,2142.52
16.9548,2142.21
17.2238,2141.92
17.4955,2141.66
17.7699,2141.41
18.047,2141.19
18.3269,2141.01
18.6097,2140.89
18.8952,2140.82
19.1836,2140.79
19.4749,2140.8
19.7691,2140.8
20.0663,2140.8
20.3664,2140.81
20.6695,2140.83
20.9756,2140.88
21.2848,2140.95
21.5971,2141.05
21.9126,2141.14
22.2311,2141.22
22.5529,2141.3
22.8779,2141.38
23.2061,2141.49
23.5376,2141.66
23.8725,2141.86
24.2106,2142.06
24.5522,2142.25
24.8972,2142.41
25.2456,2142.55
25.5975,2142.67
25.9529,2142.78
26.3119,2142.88
26.6745,2142.96
27.0407,2143.03
27.4105,2143.08
27.7841,2143.11
28.1614,2143.1
28.5425,2143.05
28.9273,2142.95
29.3161,2142.81
29.7087,2142.64
30.1052,2142.45
30.5057,2142.23
30.9102,2142
31.3188,2141.74
31.7314,2141.46
32.1482,2141.15
32.5691,2140.82
32.9943,2140.48
33.4237,2140.12
33.8574,2139.75
34.2954,2139.36
34.7378,2138.94
35.1846,2138.52
35.6359,2138.07
36.0917,2137.61
36.5521,2137.14
37.0171,2136.67
37.4867,2136.21
37.961,2135.76
38.4401,2135.3
38.9239,2134.81
39.4126,2134.29
39.9062,2133.77
40.4047,2133.26
40.9082,2132.78
41.4167,2132.31
41.9304,2131.82
42.4491,2131.29
42.9731,2130.73
43.5023,2130.19
44.0367,2129.7
44.5765,2129.27
45.1218,2128.82
45.6724,2128.3
46.2286,2127.69
46.7904,2127.07
47.3577,2126.52
47.9307,2126.11
48.5095,2125.8
49.094,2125.49
49.6844,2125.07
50.2807,2124.48
50.883,2123.8
51.4913,2123.14
52.1056,2122.64
52.7261,2122.32
53.3529,2122.13
53.9858,2121.91
54.6252,2121.56
55.2709,2121.02
55.923,2120.34
56.5817,2119.65
57.247,2119.09
57.9096,2118.72
58.5721,2118.52
59.2347,2118.4
59.8973,2118.26
60.5599,2118.01
61.2225,2117.6
61.8851,2117.07
62.5477,2116.47
63.2102,2115.89
63.8728,2115.4
64.5354,2115.04
65.198,2114.81
65.8606,2114.69
66.5232,2114.61
67.1858,2114.52
67.8483,2114.38
68.5109,2114.17
69.1735,2113.89
69.8361,2113.54
70.4987,2113.14
71.1613,2112.7
71.8239,2112.26
72.4865,2111.83
73.149,2111.46
73.8116,2111.16
74.4742,2110.96
75.1368,2110.84
75.7994,2110.79
76.462,2110.77
77.1246,2110.76
77.7871,2110.71
78.4497,2110.62
79.1123,2110.49
79.7749,2110.31
80.4375,2110.11
81.1001,2109.88
81.7627,2109.63
82.4253,2109.37
83.0878,2109.12
83.7504,2108.87
84.413,2108.65
85.0756,2108.44
85.7382,2108.27
86.4008,2108.13
87.0633,2108.01
87.7259,2107.92
88.3885,2107.84
89.0511,2107.76
89.7137,2107.64
90.3763,2107.49
91.0389,2107.27
91.7015,2107
92.364,2106.69
93.0266,2106.37
93.6892,2106.09
94.3518,2105.88
95.0144,2105.74
95.677,2105.69
96.3396,2105.68
97.0021,2105.67
97.6647,2105.63
98.3273,2105.53
98.9899,2105.38
99.6525,2105.19
100.315,2105
100.978,2104.82
101.64,2104.67
102.303,2104.56
102.965,2104.46
103.628,2104.36
104.291,2104.26
104.953,2104.15
105.616,2104.04
106.278,2103.92
106.941,2103.81
107.604,2103.7
108.266,2103.6
108.929,2103.51
109.591,2103.41
110.254,2103.3
110.916,2103.2
111.579,2103.09
112.242,2102.98
112.904,2102.87
113.567,2102.78
114.229,2102.68
114.892,2102.59
115.555,2102.51
116.217,2102.42
116.88,2102.32
117.542,2102.22
118.205,2102.12
118.867,2102.01
119.53,2101.91
120.193,2101.82
120.855,2101.73
121.518,2101.65
122.18,2101.57
122.843,2101.5
123.506,2101.43
124.168,2101.36
124.831,2101.29
125.493,2101.22
126.156,2101.15
126.819,2101.07
127.481,2100.99
128.144,2100.9
128.806,2100.81
129.469,2100.71
130.131,2100.62
130.794,2100.53
131.457,2100.44
132.119,2100.36
132.782,2100.29
133.444,2100.23
134.107,2100.16
134.77,2100.1
135.432,2100.03
136.095,2099.97
136.757,2099.89
137.42,2099.82
138.082,2099.76
138.745,2099.69
139.408,2099.64
140.07,2099.59
140.733,2099.53
141.395,2099.48
142.058,2099.41
142.721,2099.33
143.383,2099.23
144.046,2099.13
144.708,2099.02
145.371,2098.91
146.034,2098.82
146.696,2098.75
147.359,2098.7
148.021,2098.67
148.684,2098.65
149.346,2098.64
150.009,2098.62
150.672,2098.59
151.334,2098.54
151.997,2098.47
152.659,2098.38
153.322,2098.27
153.985,2098.16
154.647,2098.05
155.31,2097.95
155.972,2097.86
156.635,2097.78
157.297,2097.71
157.96,2097.66
158.623,2097.61
159.285,2097.57
159.948,2097.53
160.61,2097.49
161.273,2097.45
161.936,2097.41
162.598,2097.37
163.261,2097.33
163.923,2097.28
164.586,2097.24
165.249,2097.2
165.911,2097.16
166.574,2097.12
167.236,2097.08
167.899,2097.04
168.561,2096.99
169.224,2096.93
169.887,2096.87
170.549,2096.79
171.212,2096.7
171.874,2096.6
172.537,2096.5
173.2,2096.4
173.862,2096.31
174.525,2096.24
175.187,2096.18
175.85,2096.13
176.512,2096.11
177.175,2096.1
177.838,2096.09
178.5,2096.08
179.163,2096.07
179.825,2096.05
180.488,2096.01
181.151,2095.96
181.813,2095.89
182.476,2095.82
183.138,2095.74
183.801,2095.67
184.464,2095.61
185.126,2095.56
185.789,2095.51
186.451,2095.48
187.114,2095.44
187.776,2095.4
188.439,2095.35
189.102,2095.31
189.764,2095.25
190.427,2095.2
191.089,2095.15
191.752,2095.1
192.415,2095.05
193.077,2095
193.74,2094.96
194.402,2094.92
195.065,2094.87
195.727,2094.82
196.39,2094.77
197.053,2094.72
197.715,2094.66
198.378,2094.6
199.04,2094.55
199.703,2094.49
200.366,2094.44
201.028,2094.4
201.691,2094.35
202.353,2094.31
203.016,2094.27
203.679,2094.23
204.341,2094.19
205.004,2094.15
205.666,2094.11
206.329,2094.07
206.991,2094.03
207.654,2093.99
208.317,2093.96
208.979,2093.92
209.642,2093.88
210.304,2093.83
210.967,2093.79
211.63,2093.74
212.292,2093.68
212.955,2093.63
213.617,2093.58
214.28,2093.53
214.942,2093.48
215.605,2093.44
216.268,2093.41
216.93,2093.38
217.593,2093.35
218.255,2093.32
218.918,2093.28
219.581,2093.23
220.243,2093.17
220.906,2093.11
221.568,2093.05
222.231,2092.99
222.894,2092.93
223.556,2092.87
224.219,2092.83
224.881,2092.79
225.544,2092.77
226.206,2092.74
226.869,2092.73
227.532,2092.71
228.194,2092.7
228.857,2092.67
229.519,2092.65
230.182,2092.62
230.845,2092.58
231.507,2092.54
232.17,2092.49
232.832,2092.44
233.495,2092.39
234.158,2092.34
234.82,2092.29
235.483,2092.23
236.145,2092.18
236.808,2092.14
237.47,2092.09
238.133,2092.05
238.796,2092.01
239.458,2091.97
240.121,2091.93
240.783,2091.9
241.446,2091.86
242.109,2091.83
242.771,2091.8
243.434,2091.78
244.096,2091.75
244.759,2091.72
245.421,2091.69
246.084,2091.67
246.747,2091.63
247.409,2091.6
248.072,2091.57
248.734,2091.53
249.397,2091.49
250.06,2091.44
250.722,2091.39
251.385,2091.34
252.047,2091.28
252.71,2091.23
253.372,2091.17
254.035,2091.11
254.698,2091.06
255.36,2091.02
256.023,2090.98
256.685,2090.95
257.348,2090.92
258.011,2090.9
258.673,2090.88
259.336,2090.87
259.998,2090.85
260.661,2090.83
261.324,2090.81
261.986,2090.77
262.649,2090.74
263.311,2090.69
263.974,2090.65
264.636,2090.6
265.299,2090.55
265.962,2090.5
266.624,2090.46
267.287,2090.42
267.949,2090.39
268.612,2090.36
269.275,2090.33
269.937,2090.3
270.6,2090.27
271.262,2090.24
271.925,2090.21
272.588,2090.18
273.25,2090.14
273.913,2090.1
274.575,2090.07
275.238,2090.03
275.9,2089.99
276.563,2089.96
277.226,2089.92
277.888,2089.89
278.551,2089.85
279.213,2089.82
279.876,2089.78
280.539,2089.75
281.201,2089.72
281.864,2089.68
282.526,2089.64
283.189,2089.61
283.851,2089.57
284.514,2089.54
285.177,2089.5
285.839,2089.47
286.502,2089.43
287.164,2089.4
287.827,2089.37
288.49,2089.34
289.152,2089.31
289.815,2089.29
290.477,2089.26
291.14,2089.24
291.802,2089.21
292.465,2089.18
293.128,2089.15
293.79,2089.11
294.453,2089.07
295.115,2089.03
295.778,2088.99
296.441,2088.95
297.103,2088.91
297.766,2088.87
298.428,2088.83
299.091,2088.79
299.754,2088.75
300.416,2088.72
301.079,2088.68
301.741,2088.65
302.404,2088.62
303.066,2088.59
303.729,2088.56
304.392,2088.54
305.054,2088.51
305.717,2088.48
306.379,2088.45
307.042,2088.42
307.705,2088.4
308.367,2088.37
309.03,2088.34
309.692,2088.31
310.355,2088.28
311.018,2088.25
311.68,2088.22
312.343,2088.19
313.005,2088.16
313.668,2088.13
314.33,2088.1
314.993,2088.07
315.656,2088.04
316.318,2088.02
316.981,2087.99
317.643,2087.97
318.306,2087.94
318.969,2087.91
319.631,2087.89
320.294,2087.86
320.956,2087.83
321.619,2087.8
322.281,2087.77
322.944,2087.73
323.607,2087.69
324.269,2087.65
324.932,2087.61
325.594,2087.57
326.257,2087.53
326.92,2087.48
327.582,2087.45
328.245,2087.41
328.907,2087.38
329.57,2087.35
330.233,2087.32
330.895,2087.3
331.558,2087.27
332.22,2087.25
332.883,2087.24
333.545,2087.22
334.208,2087.2
334.871,2087.18
335.533,2087.15
336.196,2087.13
336.858,2087.1
337.521,2087.07
338.184,2087.04
338.846,2087.01
339.509,2086.97
340.171,2086.94
340.834,2086.91
341.496,2086.88
342.159,2086.86
342.822,2086.83
343.484,2086.8
344.147,2086.78
344.809,2086.75
345.472,2086.73
346.135,2086.7
346.797,2086.67
347.46,2086.63
348.122,2086.6
348.785,2086.57
349.448,2086.53
350.11,2086.5
350.773,2086.47
351.435,2086.44
352.098,2086.41
352.76,2086.38
353.423,2086.35
354.086,2086.33
354.748,2086.3
355.411,2086.28
356.073,2086.25
356.736,2086.22
357.399,2086.19
358.061,2086.16
358.724,2086.13
359.386,2086.1
360.049,2086.07
360.711,2086.03
361.374,2086
362.037,2085.97
362.699,2085.94
363.362,2085.91
364.024,2085.88
364.687,2085.85
365.35,2085.83
366.012,2085.81
366.675,2085.79
367.337,2085.77
368,2085.75
368.663,2085.74
369.325,2085.72
369.988,2085.7
370.65,2085.68
371.313,2085.66
371.975,2085.64
372.638,2085.62
373.301,2085.6
373.963,2085.57
374.626,2085.55
375.288,2085.52
375.951,2085.49
376.614,2085.46
377.276,2085.43
377.939,2085.4
378.601,2085.37
379.264,2085.34
379.926,2085.31
380.589,2085.28
381.252,2085.25
381.914,2085.22
382.577,2085.19
383.239,2085.16
383.902,2085.13
384.565,2085.1
385.227,2085.07
385.89,2085.04
386.552,2085.01
387.215,2084.98
387.878,2084.95
388.54,2084.92
389.203,2084.88
389.865,2084.85
390.528,2084.82
391.19,2084.79
391.853,2084.76
392.516,2084.74
393.178,2084.71
393.841,2084.68
394.503,2084.66
395.166,2084.64
395.829,2084.62
396.491,2084.6
397.154,2084.58
397.816,2084.57
398.479,2084.55
399.141,2084.54
399.804,2084.52
400.467,2084.51
401.129,2084.49
401.792,2084.47
402.454,2084.45
403.117,2084.43
403.78,2084.41
404.442,2084.38
405.105,2084.36
405.767,2084.33
406.43,2084.31
407.093,2084.29
407.755,2084.27
408.418,2084.25
409.08,2084.24
409.743,2084.23
410.405,2084.22
411.068,2084.21
411.731,2084.21
412.393,2084.2
413.056,2084.2
413.718,2084.2
414.381,2084.2
415.044,2084.19
415.706,2084.19
416.369,2084.19
417.031,2084.18
417.694,2084.18
418.356,2084.17
419.019,2084.16
419.682,2084.15
420.344,2084.14
421.007,2084.13
421.669,2084.12
422.332,2084.11
422.995,2084.1
423.657,2084.09
424.32,2084.08
424.982,2084.07
425.645,2084.06
426.307,2084.06
426.97,2084.05
427.633,2084.04
428.295,2084.03
428.958,2084.02
429.62,2084.01
430.283,2084
430.946,2083.99
431.608,2083.98
432.271,2083.96
432.933,2083.94
433.596,2083.93
434.259,2083.91
434.921,2083.89
435.584,2083.87
436.246,2083.85
436.909,2083.83
437.571,2083.81
438.234,2083.79
438.897,2083.78
439.559,2083.77
440.222,2083.75
440.884,2083.74
441.547,2083.73
442.21,2083.72
442.872,2083.71
443.535,2083.69
444.197,2083.68
444.86,2083.66
445.523,2083.64
446.185,2083.62
446.848,2083.6
447.51,2083.57
448.173,2083.55
448.835,2083.52
449.498,2083.5
450.161,2083.47
450.823,2083.45
451.486,2083.43
452.148,2083.41
452.811,2083.39
453.474,2083.38
454.136,2083.36
454.799,2083.35
455.461,2083.34
456.124,2083.33
456.786,2083.32
457.449,2083.31
458.112,2083.3
458.774,2083.28
459.437,2083.27
460.099,2083.25
460.762,2083.24
461.425,2083.22
462.087,2083.2
462.75,2083.18
463.412,2083.15
464.075,2083.13
464.738,2083.1
465.4,2083.08
466.063,2083.06
466.725,2083.03
467.388,2083.01
468.05,2082.99
468.713,2082.97
469.376,2082.95
470.038,2082.93
470.701,2082.92
471.363,2082.9
472.026,2082.89
472.689,2082.87
473.351,2082.86
474.014,2082.85
474.676,2082.83
475.339,2082.82
476.001,2082.81
476.664,2082.8
477.327,2082.78
477.989,2082.77
478.652,2082.76
479.314,2082.74
479.977,2082.72
480.64,2082.71
481.302,2082.69
481.965,2082.67
482.627,2082.65
483.29,2082.63
483.953,2082.61
484.615,2082.59
485.278,2082.56
485.94,2082.54
486.603,2082.52
487.265,2082.5
487.928,2082.47
488.591,2082.45
489.253,2082.43
489.916,2082.41
490.578,2082.39
491.241,2082.37
491.904,2082.35
492.566,2082.33
493.229,2082.31
493.891,2082.29
494.554,2082.27
495.216,2082.25
495.879,2082.23
496.542,2082.22
497.204,2082.2
497.867,2082.19
498.529,2082.17
499.192,2082.15
499.855,2082.14
500.517,2082.12
501.18,2082.11
501.842,2082.09
502.505,2082.08
503.168,2082.06
503.83,2082.05
504.493,2082.03
505.155,2082.02
505.818,2082
506.48,2081.99
507.143,2081.97
507.806,2081.95
508.468,2081.94
509.131,2081.92
509.793,2081.9
510.456,2081.88
510.456,2081.88
511.119,2081.87
511.781,2081.85
512.444,2081.83
513.106,2081.82
513.769,2081.8
514.431,2081.78
515.094,2081.76
515.757,2081.75
516.419,2081.73
517.082,2081.71
517.744,2081.69
518.407,2081.68
519.07,2081.66
519.732,2081.64
520.395,2081.62
521.057,2081.61
521.72,2081.59
522.382,2081.57
523.045,2081.55
523.708,2081.54
524.37,2081.52
525.033,2081.5
525.695,2081.48
526.358,2081.46
527.021,2081.45
527.683,2081.43
528.346,2081.41
529.008,2081.39
529.671,2081.38
530.334,2081.36
530.996,2081.34
531.659,2081.32
532.321,2081.3
532.984,2081.29
533.646,2081.27
534.309,2081.25
534.972,2081.23
535.634,2081.22
536.297,2081.2
536.959,2081.18
537.622,2081.16
538.285,2081.15
538.947,2081.13
539.61,2081.11
540.272,2081.09
540.935,2081.08
541.598,2081.06
542.26,2081.04
542.923,2081.02
543.585,2081.01
544.248,2080.99
544.91,2080.97
545.573,2080.96
546.236,2080.94
546.898,2080.92
547.561,2080.9
548.223,2080.89
548.886,2080.87
549.549,2080.85
550.211,2080.84
550.874,2080.82
551.536,2080.8
552.199,2080.79
552.862,2080.77
553.524,2080.75
554.187,2080.74
554.849,2080.72
555.512,2080.7
556.174,2080.69
556.837,2080.67
557.5,2080.65
558.162,2080.64
558.825,2080.62
559.487,2080.61
560.15,2080.59
560.813,2080.57
561.475,2080.56
562.138,2080.54
562.8,2080.53
563.463,2080.51
564.125,2080.49
564.788,2080.48
565.451,2080.47
566.113,2080.45
566.776,2080.44
567.438,2080.42
568.101,2080.41
568.764,2080.4
569.426,2080.38
570.089,2080.37
570.751,2080.35
571.414,2080.34
572.076,2080.32
572.739,2080.31
573.402,2080.29
574.064,2080.28
574.727,2080.26
575.389,2080.25
576.052,2080.23
576.715,2080.21
577.377,2080.19
578.04,2080.18
578.702,2080.16
579.365,2080.14
580.028,2080.12
580.69,2080.1
581.353,2080.09
582.015,2080.07
582.678,2080.05
583.34,2080.03
584.003,2080.01
584.666,2080
585.328,2079.98
585.991,2079.96
586.653,2079.94
587.316,2079.93
587.979,2079.91
588.641,2079.9
589.304,2079.88
589.966,2079.87
590.629,2079.86
591.291,2079.84
591.954,2079.83
592.617,2079.82
593.279,2079.8
593.942,2079.79
594.604,2079.78
595.267,2079.77
595.93,2079.75
596.592,2079.74
597.255,2079.72
597.917,2079.71
598.58,2079.7
599.243,2079.68
599.905,2079.66
600.568,2079.65
601.23,2079.63
601.893,2079.61
602.555,2079.6
603.218,2079.58
603.881,2079.56
604.543,2079.54
605.206,2079.53
605.868,2079.51
606.531,2079.49
607.194,2079.48
607.856,2079.46
608.519,2079.45
609.181,2079.43
609.844,2079.42
610.506,2079.41
611.169,2079.39
611.832,2079.38
612.494,2079.37
613.157,2079.35
613.819,2079.34
614.482,2079.33
615.145,2079.31
615.807,2079.3
616.47,2079.29
617.132,2079.27
617.795,2079.26
618.458,2079.24
619.12,2079.22
619.783,2079.21
620.445,2079.19
621.108,2079.18
621.77,2079.16
622.433,2079.14
623.096,2079.13
623.758,2079.11
624.421,2079.09
625.083,2079.08
625.746,2079.06
626.409,2079.05
627.071,2079.03
627.734,2079.02
628.396,2079
629.059,2078.99
629.722,2078.97
630.384,2078.96
631.047,2078.94
631.709,2078.93
632.372,2078.91
633.034,2078.9
633.697,2078.89
634.36,2078.87
635.022,2078.86
635.685,2078.84
636.347,2078.83
637.01,2078.81
637.673,2078.8
638.335,2078.79
638.998,2078.77
639.66,2078.76
640.323,2078.75
640.985,2078.73
641.648,2078.72
642.311,2078.71
642.973,2078.69
643.636,2078.68
644.298,2078.67
644.961,2078.65
645.624,2078.64
646.286,2078.62
646.949,2078.61
647.611,2078.6
648.274,2078.58
648.937,2078.57
649.599,2078.55
650.262,2078.54
650.924,2078.53
651.587,2078.51
652.249,2078.5
652.912,2078.48
653.575,2078.47
654.237,2078.46
654.9,2078.44
655.562,2078.43
656.225,2078.41
656.888,2078.4
657.55,2078.38
658.213,2078.37
658.875,2078.36
659.538,2078.34
660.2,2078.33
660.863,2078.31
661.526,2078.3
662.188,2078.28
662.851,2078.27
663.513,2078.25
664.176,2078.24
664.839,2078.22
665.501,2078.21
666.164,2078.2
666.826,2078.18
667.489,2078.17
668.151,2078.16
668.814,2078.14
669.477,2078.13
670.139,2078.12
670.802,2078.11
671.464,2078.09
672.127,2078.08
672.79,2078.07
673.452,2078.05
674.115,2078.04
674.777,2078.03
675.44,2078.01
676.103,2078
676.765,2077.99
677.428,2077.98
678.09,2077.96
678.753,2077.95
679.415,2077.94
680.078,2077.92
680.741,2077.91
681.403,2077.9
682.066,2077.89
682.728,2077.87
683.391,2077.86
684.054,2077.85
684.716,2077.84
685.379,2077.82
686.041,2077.81
686.704,2077.8
687.366,2077.78
688.029,2077.77
688.692,2077.75
689.354,2077.74
690.017,2077.72
690.679,2077.71
691.342,2077.69
692.005,2077.68
692.667,2077.66
693.33,2077.65
693.992,2077.63
694.655,2077.62
695.318,2077.6
695.98,2077.59
696.643,2077.58
697.305,2077.56
697.968,2077.55
698.63,2077.54
699.293,2077.53
699.956,2077.52
700.618,2077.51
701.281,2077.5
701.943,2077.49
702.606,2077.48
703.269,2077.47
703.931,2077.45
704.594,2077.44
705.256,2077.43
705.919,2077.42
706.581,2077.41
707.244,2077.4
707.907,2077.38
708.569,2077.37
709.232,2077.35
709.894,2077.34
710.557,2077.32
711.22,2077.31
711.882,2077.29
712.545,2077.28
713.207,2077.26
713.87,2077.24
714.533,2077.23
715.195,2077.21
715.858,2077.2
716.52,2077.18
717.183,2077.17
717.845,2077.15
718.508,2077.14
719.171,2077.13
719.833,2077.11
720.496,2077.1
721.158,2077.09
721.821,2077.08
722.484,2077.07
723.146,2077.06
723.809,2077.05
724.471,2077.04
725.134,2077.03
725.797,2077.02
726.459,2077.01
727.122,2077
727.784,2076.99
728.447,2076.99
729.109,2076.98
729.772,2076.97
730.435,2076.96
731.097,2076.95
731.76,2076.94
732.422,2076.93
733.085,2076.92
733.748,2076.91
734.41,2076.9
735.073,2076.89
735.735,2076.87
736.398,2076.86
737.06,2076.85
737.723,2076.84
738.386,2076.82
739.048,2076.81
739.711,2076.79
740.373,2076.78
741.036,2076.77
741.699,2076.75
742.361,2076.74
743.024,2076.72
743.686,2076.71
744.349,2076.69
745.012,2076.68
745.674,2076.66
746.337,2076.65
746.999,2076.63
747.662,2076.61
748.324,2076.6
748.987,2076.59
749.65,2076.57
750.312,2076.56
750.975,2076.54
751.637,2076.53
752.3,2076.52
752.963,2076.5
753.625,2076.49
754.288,2076.48
754.95,2076.46
755.613,2076.45
756.275,2076.44
756.938,2076.43
757.601,2076.41
758.263,2076.4
758.926,2076.39
759.588,2076.38
760.251,2076.37
760.914,2076.36
761.576,2076.34
762.239,2076.33
762.901,2076.32
763.564,2076.31
764.226,2076.3
764.889,2076.29
765.552,2076.28
766.214,2076.27
766.877,2076.26
767.539,2076.24
768.202,2076.23
768.865,2076.22
769.527,2076.21
770.19,2076.2
770.852,2076.19
771.515,2076.18
772.178,2076.17
772.84,2076.16
773.503,2076.15
774.165,2076.14
774.828,2076.13
775.49,2076.12
776.153,2076.11
776.816,2076.1
777.478,2076.09
778.141,2076.08
778.803,2076.07
779.466,2076.06
780.129,2076.05
780.791,2076.04
781.454,2076.03
782.116,2076.02
782.779,2076.01
783.441,2076
784.104,2075.99
784.767,2075.98
785.429,2075.97
786.092,2075.96
786.754,2075.95
787.417,2075.94
788.08,2075.93
788.742,2075.92
789.405,2075.91
790.067,2075.9
790.73,2075.89
791.393,2075.88
792.055,2075.87
792.718,2075.85
793.38,2075.84
794.043,2075.83
794.705,2075.82
795.368,2075.8
796.031,2075.79
796.693,2075.78
797.356,2075.76
798.018,2075.75
798.681,2075.73
799.344,2075.72
800.006,2075.7
800.669,2075.69
801.331,2075.67
801.994,2075.66
802.657,2075.64
803.319,2075.63
803.982,2075.61
804.644,2075.6
805.307,2075.58
805.969,2075.57
806.632,2075.55
807.295,2075.54
807.957,2075.53
808.62,2075.51
809.282,2075.5
809.945,2075.49
810.608,2075.48
811.27,2075.47
811.933,2075.46
812.595,2075.45
813.258,2075.44
813.92,2075.43
814.583,2075.42
815.246,2075.41
815.908,2075.4
816.571,2075.4
817.233,2075.39
817.896,2075.38
818.559,2075.37
819.221,2075.37
819.884,2075.36
820.546,2075.35
821.209,2075.35
821.872,2075.34
822.534,2075.33
823.197,2075.32
823.859,2075.31
824.522,2075.3
825.184,2075.29
825.847,2075.28
826.51,2075.27
827.172,2075.26
827.835,2075.25
828.497,2075.24
829.16,2075.22
829.823,2075.21
830.485,2075.2
831.148,2075.18
831.81,2075.17
832.473,2075.16
833.135,2075.14
833.798,2075.13
834.461,2075.12
835.123,2075.1
835.786,2075.09
836.448,2075.08
837.111,2075.07
837.774,2075.06
838.436,2075.05
839.099,2075.04
839.761,2075.03
840.424,2075.02
841.087,2075.01
841.749,2075
842.412,2075
843.074,2074.99
843.737,2074.98
844.399,2074.97
845.062,2074.96
845.725,2074.95
846.387,2074.94
847.05,2074.93
847.712,2074.92
848.375,2074.91
849.038,2074.9
849.7,2074.89
850.363,2074.88
851.025,2074.87
851.688,2074.86
852.35,2074.85
853.013,2074.83
853.676,2074.82
854.338,2074.81
855.001,2074.8
855.663,2074.79
856.326,2074.78
856.989,2074.77
857.651,2074.76
858.314,2074.75
858.976,2074.74
859.639,2074.73
860.301,2074.72
860.964,2074.71
861.627,2074.7
862.289,2074.69
862.952,2074.68
863.614,2074.67
864.277,2074.66
864.94,2074.65
865.602,2074.63
866.265,2074.62
866.927,2074.61
867.59,2074.6
868.253,2074.59
868.915,2074.58
869.578,2074.57
870.24,2074.56
870.903,2074.55
871.565,2074.54
872.228,2074.53
872.891,2074.52
873.553,2074.51
874.216,2074.5
874.878,2074.49
875.541,2074.48
876.204,2074.47
876.866,2074.46
877.529,2074.45
878.191,2074.44
878.854,2074.43
879.516,2074.42
880.179,2074.41
880.842,2074.4
881.504,2074.39
882.167,2074.38
882.829,2074.37
883.492,2074.36
884.155,2074.35
884.817,2074.34
885.48,2074.33
886.142,2074.32
886.805,2074.31
887.468,2074.3
888.13,2074.29
888.793,2074.28
889.455,2074.27
890.118,2074.26
890.78,2074.25
891.443,2074.24
892.106,2074.23
892.768,2074.22
893.431,2074.21
894.093,2074.2
894.756,2074.19
895.419,2074.18
896.081,2074.17
896.744,2074.16
897.406,2074.15
898.069,2074.14
898.732,2074.13
899.394,2074.12
900.057,2074.11
900.719,2074.1
901.382,2074.09
902.044,2074.08
902.707,2074.07
903.37,2074.06
904.032,2074.05
904.695,2074.04
905.357,2074.03
906.02,2074.02
906.683,2074.01
907.345,2074
908.008,2073.99
908.67,2073.98
909.333,2073.97
909.995,2073.96
910.658,2073.95
911.321,2073.94
911.983,2073.93
912.646,2073.92
913.308,2073.91
913.971,2073.9
914.634,2073.89
915.296,2073.89
915.959,2073.88
916.621,2073.87
917.284,2073.86
917.947,2073.85
918.609,2073.84
919.272,2073.83
919.934,2073.83
920.597,2073.82
921.259,2073.81
921.922,2073.8
922.585,2073.79
923.247,2073.78
923.91,2073.77
924.572,2073.76
925.235,2073.75
925.898,2073.74
926.56,2073.73
927.223,2073.72
927.885,2073.71
928.548,2073.7
929.21,2073.69
929.873,2073.68
930.536,2073.66
931.198,2073.65
931.861,2073.64
932.523,2073.63
933.186,2073.62
933.849,2073.61
934.511,2073.6
935.174,2073.59
935.836,2073.58
936.499,2073.57
937.162,2073.56
937.824,2073.55
938.487,2073.54
939.149,2073.54
939.812,2073.53
940.474,2073.52
941.137,2073.51
941.8,2073.5
942.462,2073.5
943.125,2073.49
943.787,2073.48
944.45,2073.47
945.113,2073.47
945.775,2073.46
946.438,2073.45
947.1,2073.44
947.763,2073.44
948.425,2073.43
949.088,2073.42
949.751,2073.41
950.413,2073.41
951.076,2073.4
951.738,2073.39
952.401,2073.38
953.064,2073.37
953.726,2073.36
954.389,2073.35
955.051,2073.35
955.714,2073.34
956.376,2073.33
957.039,2073.32
957.702,2073.31
958.364,2073.3
959.027,2073.29
959.689,2073.28
960.352,2073.27
961.015,2073.26
961.677,2073.25
962.34,2073.24
963.002,2073.23
963.665,2073.21
964.328,2073.2
964.99,2073.19
965.653,2073.18
966.315,2073.17
966.978,2073.16
967.64,2073.15
968.303,2073.14
968.966,2073.13
969.628,2073.12
970.291,2073.11
970.953,2073.1
971.616,2073.09
972.279,2073.08
972.941,2073.07
973.604,2073.06
974.266,2073.05
974.929,2073.04
975.592,2073.03
976.254,2073.02
976.917,2073.01
977.579,2073.01
978.242,2073
978.904,2072.99
979.567,2072.98
980.23,2072.97
980.892,2072.96
981.555,2072.95
982.217,2072.94
982.88,2072.93
983.543,2072.93
984.205,2072.92
984.868,2072.91
985.53,2072.9
986.193,2072.89
986.856,2072.88
987.518,2072.88
988.181,2072.87
988.843,2072.86
989.506,2072.85
990.168,2072.84
990.831,2072.83
991.494,2072.83
992.156,2072.82
992.819,2072.81
993.481,2072.8
994.144,2072.79
994.807,2072.79
995.469,2072.78
996.132,2072.77
996.794,2072.76
997.457,2072.75
998.119,2072.75
998.782,2072.74
999.445,2072.73
1000.11,2072.72
1000.77,2072.71
1001.43,2072.7
1002.09,2072.69
1002.76,2072.69
1003.42,2072.68
1004.08,2072.67
1004.75,2072.66
1005.41,2072.65
1006.07,2072.64
1006.73,2072.63
1007.4,2072.62
1008.06,2072.61
1008.72,2072.6
1009.38,2072.59
1010.05,2072.59
1010.71,2072.58
1011.37,2072.57
1012.03,2072.56
1012.7,2072.55
1013.36,2072.54
1014.02,2072.53
1014.68,2072.52
1015.35,2072.51
1016.01,2072.5
1016.67,2072.49
1017.33,2072.48
1018,2072.47
1018.66,2072.46
1019.32,2072.45
1019.98,2072.44
1020.65,2072.43
1021.31,2072.42
1021.97,2072.41
1022.64,2072.4
1023.3,2072.39
1023.96,2072.38
1024.62,2072.37
1025.29,2072.36
1025.95,2072.35
1026.61,2072.35
1027.27,2072.34
1027.94,2072.33
1028.6,2072.32
1029.26,2072.31
1029.92,2072.3
1030.59,2072.29
1031.25,2072.29
1031.91,2072.28
1032.57,2072.27
1033.24,2072.26
1033.9,2072.26
1034.56,2072.25
1035.22,2072.24
1035.89,2072.24
1036.55,2072.23
1037.21,2072.22
1037.87,2072.21
1038.54,2072.21
1039.2,2072.2
1039.86,2072.19
1040.52,2072.19
1041.19,2072.18
1041.85,2072.17
1042.51,2072.16
1043.18,2072.16
1043.84,2072.15
1044.5,2072.14
1045.16,2072.13
1045.83,2072.12
1046.49,2072.11
1047.15,2072.1
1047.81,2072.09
1048.48,2072.09
1049.14,2072.08
1049.8,2072.07
1050.46,2072.06
1051.13,2072.05
1051.79,2072.04
1052.45,2072.03
1053.11,2072.02
1053.78,2072.01
1054.44,2072.01
1055.1,2072
1055.76,2071.99
1056.43,2071.98
1057.09,2071.97
1057.75,2071.96
1058.41,2071.95
1059.08,2071.95
1059.74,2071.94
1060.4,2071.93
1061.07,2071.92
1061.73,2071.91
1062.39,2071.91
1063.05,2071.9
1063.72,2071.89
1064.38,2071.88
1065.04,2071.87
1065.7,2071.87
1066.37,2071.86
1067.03,2071.85
1067.69,2071.84
1068.35,2071.83
1069.02,2071.83
1069.68,2071.82
1070.34,2071.81
1071,2071.8
1071.67,2071.79
1072.33,2071.79
1072.99,2071.78
1073.65,2071.77
1074.32,2071.76
1074.98,2071.75
1075.64,2071.75
1076.3,2071.74
1076.97,2071.73
1077.63,2071.72
1078.29,2071.71
1078.95,2071.71
1079.62,2071.7
1080.28,2071.69
1080.94,2071.68
1081.61,2071.67
1082.27,2071.66
1082.93,2071.66
1083.59,2071.65
1084.26,2071.64
1084.92,2071.63
1085.58,2071.62
1086.24,2071.61
1086.91,2071.61
1087.57,2071.6
1088.23,2071.59
1088.89,2071.58
1089.56,2071.57
1090.22,2071.57
1090.88,2071.56
1091.54,2071.55
1092.21,2071.54
1092.21,2071.54
1092.87,2071.54
1093.53,2071.53
1094.19,2071.52
1094.86,2071.51
1095.52,2071.5
1096.18,2071.49
1096.84,2071.49
1097.51,2071.48
1098.17,2071.47
1098.83,2071.46
1099.5,2071.45
1100.16,2071.45
1100.82,2071.44
1101.48,2071.43
1102.15,2071.42
1102.81,2071.41
1103.47,2071.4
1104.13,2071.4
1104.8,2071.39
1105.46,2071.38
1106.12,2071.37
1106.78,2071.36
1107.45,2071.36
1108.11,2071.35
1108.77,2071.34
1109.43,2071.33
1110.1,2071.32
1110.76,2071.32
1111.42,2071.31
1112.08,2071.3
1112.75,2071.29
1113.41,2071.29
1114.07,2071.28
1114.73,2071.27
1115.4,2071.26
1116.06,2071.25
1116.72,2071.25
1117.39,2071.24
1118.05,2071.23
1118.71,2071.22
1119.37,2071.21
1120.04,2071.21
1120.7,2071.2
1121.36,2071.19
1122.02,2071.18
1122.69,2071.18
1123.35,2071.17
1124.01,2071.16
1124.67,2071.15
1125.34,2071.15
1126,2071.14
1126.66,2071.13
1127.32,2071.12
1127.99,2071.12
1128.65,2071.11
1129.31,2071.1
1129.97,2071.1
1130.64,2071.09
1131.3,2071.08
1131.96,2071.07
1132.62,2071.07
1133.29,2071.06
1133.95,2071.05
1134.61,2071.04
1135.27,2071.04
1135.94,2071.03
1136.6,2071.02
1137.26,2071.01
1137.93,2071.01
1138.59,2071
1139.25,2070.99
1139.91,2070.98
1140.58,2070.97
1141.24,2070.97
1141.9,2070.96
1142.56,2070.95
1143.23,2070.94
1143.89,2070.93
1144.55,2070.92
1145.21,2070.92
1145.88,2070.91
1146.54,2070.9
1147.2,2070.89
1147.86,2070.88
1148.53,2070.88
1149.19,2070.87
1149.85,2070.86
1150.51,2070.85
1151.18,2070.84
1151.84,2070.84
1152.5,2070.83
1153.16,2070.82
1153.83,2070.81
1154.49,2070.81
1155.15,2070.8
1155.82,2070.79
1156.48,2070.79
1157.14,2070.78
1157.8,2070.77
1158.47,2070.76
1159.13,2070.76
1159.79,2070.75
1160.45,2070.74
1161.12,2070.74
1161.78,2070.73
1162.44,2070.72
1163.1,2070.72
1163.77,2070.71
1164.43,2070.7
1165.09,2070.7
1165.75,2070.69
1166.42,2070.68
1167.08,2070.67
1167.74,2070.67
1168.4,2070.66
1169.07,2070.65
1169.73,2070.65
1170.39,2070.64
1171.05,2070.63
1171.72,2070.63
1172.38,2070.62
1173.04,2070.61
1173.7,2070.61
1174.37,2070.6
1175.03,2070.59
1175.69,2070.58
1176.36,2070.58
1177.02,2070.57
1177.68,2070.56
1178.34,2070.56
1179.01,2070.55
1179.67,2070.54
1180.33,2070.53
1180.99,2070.53
1181.66,2070.52
1182.32,2070.51
1182.98,2070.5
1183.64,2070.5
1184.31,2070.49
1184.97,2070.48
1185.63,2070.47
1186.29,2070.47
1186.96,2070.46
1187.62,2070.45
1188.28,2070.44
1188.94,2070.44
1189.61,2070.43
1190.27,2070.42
1190.93,2070.41
1191.59,2070.41
1192.26,2070.4
1192.92,2070.39
1193.58,2070.38
1194.24,2070.38
1194.91,2070.37
1195.57,2070.36
1196.23,2070.35
1196.9,2070.35
1197.56,2070.34
1198.22,2070.33
1198.88,2070.32
1199.55,2070.32
1200.21,2070.31
1200.87,2070.3
1201.53,2070.29
1202.2,2070.29
1202.86,2070.28
1203.52,2070.27
1204.18,2070.27
1204.85,2070.26
1205.51,2070.25
1206.17,2070.24
1206.83,2070.24
1207.5,2070.23
1208.16,2070.22
1208.82,2070.21
1209.48,2070.21
1210.15,2070.2
1210.81,2070.19
1211.47,2070.18
1212.13,2070.18
1212.8,2070.17
1213.46,2070.16
1214.12,2070.16
1214.79,2070.15
1215.45,2070.14
1216.11,2070.13
1216.77,2070.13
1217.44,2070.12
1218.1,2070.11
1218.76,2070.11
1219.42,2070.1
1220.09,2070.09
1220.75,2070.09
1221.41,2070.08
1222.07,2070.07
1222.74,2070.06
1223.4,2070.06
1224.06,2070.05
1224.72,2070.04
1225.39,2070.04
1226.05,2070.03
1226.71,2070.02
1227.37,2070.02
1228.04,2070.01
1228.7,2070
1229.36,2070
1230.02,2069.99
1230.69,2069.98
1231.35,2069.98
1232.01,2069.97
1232.67,2069.96
1233.34,2069.96
1234,2069.95
1234.66,2069.95
1235.33,2069.94
1235.99,2069.93
1236.65,2069.93
1237.31,2069.92
1237.98,2069.91
1238.64,2069.91
1239.3,2069.9
1239.96,2069.89
1240.63,2069.89
1241.29,2069.88
1241.95,2069.87
1242.61,2069.87
1243.28,2069.86
1243.94,2069.85
1244.6,2069.85
1245.26,2069.84
1245.93,2069.83
1246.59,2069.83
1247.25,2069.82
1247.91,2069.81
1248.58,2069.8
1249.24,2069.8
1249.9,2069.79
1250.56,2069.78
1251.23,2069.77
1251.89,2069.77
1252.55,2069.76
1253.22,2069.75
1253.88,2069.75
1254.54,2069.74
1255.2,2069.73
1255.87,2069.72
1256.53,2069.72
1257.19,2069.71
1257.85,2069.7
1258.52,2069.7
1259.18,2069.69
1259.84,2069.68
1260.5,2069.68
1261.17,2069.67
1261.83,2069.67
1262.49,2069.66
1263.15,2069.65
1263.82,2069.65
1264.48,2069.64
1265.14,2069.63
1265.8,2069.63
1266.47,2069.62
1267.13,2069.61
1267.79,2069.61
1268.45,2069.6
1269.12,2069.59
1269.78,2069.59
1270.44,2069.58
1271.1,2069.57
1271.77,2069.57
1272.43,2069.56
1273.09,2069.55
1273.76,2069.55
1274.42,2069.54
1275.08,2069.53
1275.74,2069.52
1276.41,2069.52
1277.07,2069.51
1277.73,2069.5
1278.39,2069.5
1279.06,2069.49
1279.72,2069.48
1280.38,2069.48
1281.04,2069.47
1281.71,2069.47
1282.37,2069.46
1283.03,2069.45
1283.69,2069.45
1284.36,2069.44
1285.02,2069.43
1285.68,2069.43
1286.34,2069.42
1287.01,2069.41
1287.67,2069.41
1288.33,2069.4
1288.99,2069.39
1289.66,2069.39
1290.32,2069.38
1290.98,2069.38
1291.65,2069.37
1292.31,2069.36
1292.97,2069.36
1293.63,2069.35
1294.3,2069.34
1294.96,2069.34
1295.62,2069.33
1296.28,2069.32
1296.95,2069.32
1297.61,2069.31
1298.27,2069.3
1298.93,2069.3
1299.6,2069.29
1300.26,2069.28
1300.92,2069.27
1301.58,2069.27
1302.25,2069.26
1302.91,2069.25
1303.57,2069.25
1304.23,2069.24
1304.9,2069.23
1305.56,2069.23
1306.22,2069.22
1306.88,2069.21
1307.55,2069.21
1308.21,2069.2
1308.87,2069.2
1309.54,2069.19
1310.2,2069.18
1310.86,2069.18
1311.52,2069.17
1312.19,2069.16
1312.19,2069.16
1312.85,2069.16
1313.51,2069.15
1314.17,2069.15
1314.84,2069.14
1315.5,2069.13
1316.16,2069.13
1316.82,2069.12
1317.49,2069.12
1318.15,2069.11
1318.81,2069.1
1319.47,2069.1
1320.14,2069.09
1320.8,2069.08
1321.46,2069.08
1322.12,2069.07
1322.79,2069.06
1323.45,2069.06
1324.11,2069.05
1324.77,2069.05
1325.44,2069.04
1326.1,2069.03
1326.76,2069.03
1327.42,2069.02
1328.09,2069.01
1328.75,2069.01
1329.41,2069
1330.08,2068.99
1330.74,2068.99
1331.4,2068.98
1332.06,2068.97
1332.73,2068.97
1333.39,2068.96
1334.05,2068.96
1334.71,2068.95
1335.38,2068.94
1336.04,2068.94
1336.7,2068.93
1337.36,2068.93
1338.03,2068.92
1338.69,2068.91
1339.35,2068.91
1340.01,2068.9
1340.68,2068.89
1341.34,2068.89
1342,2068.88
1342.66,2068.88
1343.33,2068.87
1343.99,2068.86
1344.65,2068.86
1345.31,2068.85
1345.98,2068.84
1346.64,2068.84
1347.3,2068.83
1347.97,2068.82
1348.63,2068.82
1349.29,2068.81
1349.95,2068.81
1350.62,2068.8
1351.28,2068.79
1351.94,2068.79
1352.6,2068.78
1353.27,2068.77
1353.93,2068.77
1354.59,2068.76
1355.25,2068.76
1355.92,2068.75
1356.58,2068.75
1357.24,2068.74
1357.9,2068.73
1358.57,2068.73
1359.23,2068.72
1359.89,2068.72
1360.55,2068.71
1361.22,2068.71
1361.88,2068.7
1362.54,2068.7
1363.2,2068.69
1363.87,2068.69
1364.53,2068.68
1365.19,2068.67
1365.85,2068.67
1366.52,2068.66
1367.18,2068.66
1367.84,2068.65
1368.51,2068.65
1369.17,2068.64
1369.83,2068.63
1370.49,2068.63
1371.16,2068.62
1371.82,2068.61
1372.48,2068.61
1373.14,2068.6
1373.81,2068.6
1374.47,2068.59
1375.13,2068.58
1375.79,2068.57
1376.46,2068.57
1377.12,2068.56
1377.78,2068.55
1378.44,2068.55
1379.11,2068.54
1379.77,2068.53
1380.43,2068.53
1381.09,2068.52
1381.76,2068.51
1382.42,2068.51
1383.08,2068.5
1383.74,2068.49
1384.41,2068.49
1385.07,2068.48
1385.73,2068.47
1386.39,2068.47
1387.06,2068.46
1387.72,2068.45
1388.38,2068.45
1389.05,2068.44
1389.71,2068.44
1390.37,2068.43
1391.03,2068.42
1391.7,2068.42
1392.36,2068.41
1393.02,2068.41
1393.68,2068.4
1394.35,2068.39
1395.01,2068.39
1395.67,2068.38
1396.33,2068.38
1397,2068.37
1397.66,2068.37
1398.32,2068.36
1398.98,2068.35
1399.65,2068.35
1400.31,2068.34
1400.97,2068.34
1401.63,2068.33
1402.3,2068.32
1402.96,2068.32
1403.62,2068.31
1404.28,2068.31
1404.95,2068.3
1405.61,2068.3
1406.27,2068.29
1406.94,2068.28
1407.6,2068.28
1408.26,2068.27
1408.92,2068.27
1409.59,2068.26
1410.25,2068.26
1410.91,2068.25
1411.57,2068.25
1412.24,2068.24
1412.9,2068.23
1413.56,2068.23
1414.22,2068.22
1414.89,2068.22
1415.55,2068.21
1416.21,2068.21
1416.87,2068.2
1417.54,2068.2
1418.2,2068.19
1418.86,2068.19
1419.52,2068.18
1420.19,2068.17
1420.85,2068.17
1421.51,2068.16
1422.17,2068.16
1422.84,2068.15
1423.5,2068.14
1424.16,2068.14
1424.82,2068.13
1425.49,2068.13
1426.15,2068.12
1426.81,2068.11
1427.48,2068.11
1428.14,2068.1
1428.8,2068.09
1429.46,2068.09
1430.13,2068.08
1430.79,2068.07
1431.45,2068.07
1432.11,2068.06
1432.78,2068.06
1433.44,2068.05
1434.1,2068.04
1434.76,2068.04
1435.43,2068.03
1436.09,2068.03
1436.75,2068.02
1437.41,2068.01
1438.08,2068.01
1438.74,2068
1439.4,2068
1440.06,2067.99
1440.73,2067.99
1441.39,2067.98
1442.05,2067.97
1442.71,2067.97
1443.38,2067.96
1444.04,2067.96
1444.7,2067.95
1445.37,2067.95
1446.03,2067.94
1446.69,2067.94
1447.35,2067.93
1448.02,2067.93
1448.68,2067.92
1449.34,2067.92
1450,2067.91
1450.67,2067.91
1451.33,2067.9
1451.99,2067.9
1452.65,2067.89
1453.32,2067.88
1453.98,2067.88
1454.64,2067.87
1455.3,2067.87
1455.97,2067.86
1456.63,2067.85
1457.29,2067.85
1457.95,2067.84
1458.62,2067.84
1459.28,2067.83
1459.94,2067.82
1460.6,2067.82
1461.27,2067.81
1461.93,2067.81
1462.59,2067.8
1463.26,2067.8
1463.92,2067.79
1464.58,2067.78
1465.24,2067.78
1465.91,2067.77
1466.57,2067.77
1467.23,2067.76
1467.89,2067.76
1468.56,2067.75
1469.22,2067.75
1469.88,2067.74
1470.54,2067.73
1471.21,2067.73
1471.87,2067.72
1472.53,2067.72
1473.19,2067.71
1473.86,2067.71
1474.52,2067.7
1475.18,2067.7
1475.84,2067.69
1476.51,2067.69
1477.17,2067.68
1477.83,2067.67
1478.49,2067.67
1479.16,2067.66
1479.82,2067.66
1480.48,2067.65
1481.14,2067.64
1481.81,2067.64
1482.47,2067.63
1483.13,2067.63
1483.8,2067.62
1484.46,2067.61
1485.12,2067.61
1485.78,2067.6
1486.45,2067.6
1487.11,2067.59
1487.77,2067.59
1488.43,2067.58
1489.1,2067.57
1489.76,2067.57
1490.42,2067.56
1491.08,2067.56
1491.75,2067.55
1492.41,2067.55
1493.07,2067.54
1493.73,2067.54
1494.4,2067.53
1495.06,2067.53
1495.72,2067.52
1496.38,2067.52
1497.05,2067.51
1497.71,2067.51
1498.37,2067.5
1499.03,2067.5
1499.7,2067.49
1500.36,2067.49
1501.02,2067.48
1501.69,2067.48
1502.35,2067.47
1503.01,2067.47
1503.67,2067.46
1504.34,2067.46
1505,2067.45
1505.66,2067.45
1506.32,2067.44
1506.99,2067.43
1507.65,2067.43
1508.31,2067.42
1508.97,2067.42
1509.64,2067.41
1510.3,2067.41
1510.96,2067.4
1511.62,2067.39
1512.29,2067.39
1512.95,2067.38
1513.61,2067.38
1514.27,2067.37
1514.94,2067.36
1515.6,2067.36
1516.26,2067.35
1516.92,2067.35
1517.59,2067.34
1518.25,2067.33
1518.91,2067.33
1519.57,2067.32
1520.24,2067.32
1520.9,2067.31
1521.56,2067.31
1522.23,2067.3
1522.89,2067.3
1523.55,2067.29
1524.21,2067.29
1524.88,2067.28
1525.54,2067.28
1526.2,2067.27
1526.86,2067.27
1527.53,2067.26
1527.53,2067.26
1528.19,2067.26
1528.85,2067.25
1529.51,2067.25
1530.18,2067.25
1530.84,2067.24
1531.5,2067.24
1532.16,2067.23
1532.83,2067.23
1533.49,2067.22
1534.15,2067.22
1534.81,2067.21
1535.48,2067.21
1536.14,2067.2
1536.8,2067.2
1537.46,2067.19
1538.13,2067.19
1538.79,2067.18
1539.45,2067.18
1540.11,2067.17
1540.78,2067.17
1541.44,2067.16
1542.1,2067.16
1542.77,2067.15
1543.43,2067.15
1544.09,2067.14
1544.75,2067.14
1545.42,2067.13
1546.08,2067.12
1546.74,2067.12
1547.4,2067.11
1548.07,2067.11
1548.73,2067.1
1549.39,2067.09
1550.05,2067.09
1550.72,2067.08
1551.38,2067.08
1552.04,2067.07
1552.7,2067.06
1553.37,2067.06
1554.03,2067.05
1554.69,2067.05
1555.35,2067.04
1556.02,2067.04
1556.68,2067.03
1557.34,2067.02
1558,2067.02
1558.67,2067.01
1559.33,2067.01
1559.99,2067
1560.66,2067
1561.32,2066.99
1561.98,2066.99
1562.64,2066.98
1563.31,2066.98
1563.97,2066.97
1564.63,2066.97
1565.29,2066.96
1565.96,2066.96
1566.62,2066.96
1567.28,2066.95
1567.94,2066.95
1568.61,2066.94
1569.27,2066.94
1569.93,2066.93
1570.59,2066.93
1571.26,2066.92
1571.92,2066.92
1572.58,2066.91
1573.24,2066.91
1573.91,2066.9
1574.57,2066.89
1575.23,2066.89
1575.89,2066.88
1576.56,2066.88
1577.22,2066.87
1577.88,2066.87
1578.54,2066.86
1579.21,2066.85
1579.87,2066.85
1580.53,2066.84
1581.2,2066.83
1581.86,2066.83
1582.52,2066.82
1583.18,2066.82
1583.85,2066.81
1584.51,2066.8
1585.17,2066.8
1585.83,2066.79
1586.5,2066.79
1587.16,2066.78
1587.82,2066.77
1588.48,2066.77
1589.15,2066.76
1589.81,2066.76
1590.47,2066.75
1591.13,2066.75
1591.8,2066.74
1592.46,2066.74
1593.12,2066.73
1593.78,2066.73
1594.45,2066.72
1595.11,2066.72
1595.77,2066.72
1596.43,2066.71
1597.1,2066.71
1597.76,2066.7
1598.42,2066.7
1599.09,2066.69
1599.75,2066.69
1600.41,2066.69
1601.07,2066.68
1601.74,2066.68
1602.4,2066.67
1603.06,2066.67
1603.72,2066.67
1604.39,2066.66
1605.05,2066.66
1605.71,2066.65
1606.37,2066.65
1607.04,2066.64
1607.7,2066.64
1608.36,2066.64
1609.02,2066.63
1609.69,2066.63
1610.35,2066.62
1611.01,2066.62
1611.67,2066.61
1612.34,2066.6
1613,2066.6
1613.66,2066.59
1614.32,2066.59
1614.99,2066.58
1615.65,2066.58
1616.31,2066.57
1616.98,2066.57
1617.64,2066.56
1618.3,2066.55
1618.96,2066.55
1619.63,2066.54
1620.29,2066.54
1620.95,2066.53
1621.61,2066.53
1622.28,2066.52
1622.94,2066.52
1623.6,2066.51
1624.26,2066.5
1624.93,2066.5
1625.59,2066.49
1626.25,2066.49
1626.91,2066.49
1627.58,2066.48
1628.24,2066.48
1628.9,2066.47
1629.56,2066.47
1630.23,2066.46
1630.89,2066.46
1631.55,2066.45
1632.21,2066.45
1632.88,2066.45
1633.54,2066.44
1634.2,2066.44
1634.86,2066.43
1635.53,2066.43
1636.19,2066.43
1636.85,2066.42
1637.52,2066.42
1638.18,2066.41
1638.84,2066.41
1639.5,2066.4
1640.17,2066.4
1640.83,2066.39
1641.49,2066.39
1642.15,2066.38
1642.82,2066.38
1643.48,2066.37
1644.14,2066.37
1644.8,2066.36
1645.47,2066.36
1646.13,2066.35
1646.79,2066.34
1647.45,2066.34
1648.12,2066.33
1648.78,2066.33
1649.44,2066.32
1650.1,2066.32
1650.77,2066.31
1651.43,2066.3
1652.09,2066.3
1652.75,2066.29
1653.42,2066.29
1654.08,2066.28
1654.74,2066.28
1655.41,2066.27
1656.07,2066.27
1656.07,2066.27
1656.73,2066.26
1657.39,2066.26
1658.06,2066.25
1658.72,2066.25
1659.38,2066.24
1660.04,2066.24
1660.71,2066.23
1661.37,2066.23
1662.03,2066.22
1662.69,2066.22
1663.36,2066.21
1664.02,2066.21
1664.68,2066.2
1665.34,2066.2
1666.01,2066.2
1666.67,2066.19
1667.33,2066.19
1667.99,2066.18
1668.66,2066.18
1669.32,2066.18
1669.98,2066.17
1670.64,2066.17
1671.31,2066.16
1671.97,2066.16
1672.63,2066.16
1673.29,2066.15
1673.96,2066.15
1674.62,2066.14
1675.28,2066.14
1675.95,2066.13
1676.61,2066.13
1677.27,2066.12
1677.93,2066.12
1678.6,2066.12
1679.26,2066.11
1679.92,2066.11
1680.58,2066.1
1681.25,2066.1
1681.91,2066.09
1682.57,2066.08
1683.23,2066.08
1683.9,2066.07
1684.56,2066.07
1685.22,2066.06
1685.88,2066.06
1686.55,2066.05
1687.21,2066.05
1687.87,2066.04
1688.53,2066.04
1689.2,2066.03
1689.86,2066.03
1690.52,2066.02
1691.18,2066.02
1691.85,2066.01
1692.51,2066
1693.17,2066
1693.84,2065.99
1694.5,2065.99
1695.16,2065.99
1695.82,2065.98
1696.49,2065.98
1697.15,2065.97
1697.81,2065.97
1698.47,2065.96
1699.14,2065.96
1699.8,2065.95
1700.46,2065.95
1701.12,2065.95
1701.79,2065.94
1702.45,2065.94
1703.11,2065.93
1703.77,2065.93
1704.44,2065.92
1705.1,2065.92
1705.76,2065.92
1706.42,2065.91
1707.09,2065.91
1707.75,2065.9
1708.41,2065.9
1709.07,2065.9
1709.74,2065.89
1710.4,2065.89
1711.06,2065.88
1711.72,2065.88
1712.39,2065.87
1713.05,2065.87
1713.71,2065.86
1714.38,2065.86
1715.04,2065.85
1715.7,2065.85
1716.36,2065.84
1717.03,2065.84
1717.69,2065.83
1718.35,2065.83
1719.01,2065.82
1719.68,2065.82
1720.34,2065.81
1721,2065.81
1721.66,2065.8
1722.33,2065.8
1722.99,2065.79
1723.65,2065.78
1724.31,2065.78
1724.98,2065.77
1725.64,2065.77
1726.3,2065.76
1726.96,2065.76
1727.63,2065.75
1728.29,2065.75
1728.95,2065.74
1729.61,2065.74
1730.28,2065.73
1730.94,2065.73
1731.6,2065.72
1732.26,2065.72
1732.93,2065.72
1733.59,2065.71
1734.25,2065.71
1734.92,2065.7
1735.58,2065.7
1736.24,2065.69
1736.9,2065.69
1737.57,2065.69
1738.23,2065.68
1738.89,2065.68
1739.55,2065.68
1740.22,2065.67
1740.88,2065.67
1741.54,2065.66
1742.2,2065.66
1742.87,2065.66
1743.53,2065.65
1744.19,2065.65
1744.85,2065.64
1745.52,2065.64
1746.18,2065.64
1746.84,2065.63
1747.5,2065.63
1748.17,2065.62
1748.83,2065.62
1749.49,2065.62
1750.15,2065.61
1750.82,2065.61
1751.48,2065.6
1752.14,2065.6
1752.81,2065.59
1753.47,2065.59
1754.13,2065.58
1754.79,2065.58
1755.46,2065.57
1756.12,2065.57
1756.78,2065.56
1757.44,2065.56
1758.11,2065.55
1758.77,2065.54
1759.43,2065.54
1760.09,2065.53
1760.76,2065.53
1761.42,2065.52
1762.08,2065.52
1762.74,2065.51
1763.41,2065.51
1764.07,2065.5
1764.73,2065.5
1765.39,2065.49
1766.06,2065.49
1766.72,2065.48
1767.38,2065.48
1768.04,2065.47
1768.71,2065.47
1769.37,2065.46
1770.03,2065.46
1770.69,2065.45
1771.36,2065.45
1772.02,2065.45
1772.68,2065.44
1773.35,2065.44
1774.01,2065.43
1774.67,2065.43
1775.33,2065.43
1776,2065.42
1776.66,2065.42
1777.32,2065.42
1777.98,2065.41
1778.65,2065.41
1779.31,2065.41
1779.97,2065.4
1780.63,2065.4
1781.3,2065.4
1781.96,2065.39
1782.62,2065.39
1783.28,2065.39
1783.95,2065.38
1784.61,2065.38
1785.27,2065.38
1785.93,2065.37
1786.6,2065.37
1787.26,2065.36
1787.92,2065.36
1788.58,2065.36
1789.25,2065.35
1789.91,2065.35
1790.57,2065.34
1791.24,2065.34
1791.9,2065.33
1792.56,2065.33
1793.22,2065.32
1793.89,2065.32
1794.55,2065.31
1795.21,2065.31
1795.87,2065.3
1796.54,2065.3
1797.2,2065.29
1797.86,2065.29
1798.52,2065.28
1799.19,2065.28
1799.85,2065.27
1800.51,2065.26
1801.17,2065.26
1801.84,2065.25
1802.5,2065.25
1803.16,2065.24
1803.82,2065.24
1804.49,2065.23
1805.15,2065.23
1805.81,2065.22
1806.47,2065.22
1807.14,2065.21
1807.8,2065.21
1808.46,2065.2
1809.13,2065.2
1809.79,2065.19
1810.45,2065.19
1811.11,2065.18
1811.78,2065.18
1812.44,2065.17
1813.1,2065.17
1813.76,2065.17
1814.43,2065.16
1815.09,2065.16
1815.75,2065.15
1816.41,2065.15
1817.08,2065.15
1817.74,2065.14
1818.4,2065.14
1819.06,2065.14
1819.73,2065.13
1820.39,2065.13
1821.05,2065.13
1821.71,2065.13
1822.38,2065.12
1823.04,2065.12
1823.7,2065.12
1824.36,2065.11
1825.03,2065.11
1825.69,2065.11
1826.35,2065.1
1827.01,2065.1
1827.68,2065.1
1828.34,2065.09
1829,2065.09
1829.67,2065.09
1830.33,2065.08
1830.99,2065.08
1831.65,2065.07
1832.32,2065.07
1832.98,2065.06
1833.64,2065.06
1834.3,2065.06
1834.97,2065.05
1835.63,2065.05
1836.29,2065.04
1836.95,2065.04
1837.62,2065.03
1838.28,2065.03
1838.94,2065.02
1839.6,2065.02
1840.27,2065.01
1840.93,2065
1841.59,2065
1842.25,2064.99
1842.92,2064.99
1843.58,2064.98
1844.24,2064.98
1844.9,2064.97
1845.57,2064.97
1846.23,2064.96
1846.89,2064.96
1847.56,2064.95
1848.22,2064.95
1848.88,2064.94
1849.54,2064.94
1850.21,2064.93
1850.87,2064.93
1851.53,2064.92
1852.19,2064.92
1852.86,2064.91
1853.52,2064.91
1854.18,2064.9
1854.84,2064.9
1855.51,2064.9
1856.17,2064.89
1856.83,2064.89
1857.49,2064.88
1858.16,2064.88
1858.82,2064.88
1859.48,2064.87
1860.14,2064.87
1860.81,2064.87
1861.47,2064.86
1862.13,2064.86
1862.79,2064.86
1863.46,2064.86
1864.12,2064.85
1864.78,2064.85
1865.44,2064.85
1866.11,2064.84
1866.77,2064.84
1867.43,2064.84
1868.1,2064.83
1868.76,2064.83
1869.42,2064.83
1870.08,2064.82
1870.75,2064.82
1871.41,2064.82
1872.07,2064.81
1872.73,2064.81
1873.4,2064.81
1874.06,2064.8
1874.72,2064.8
1875.38,2064.79
1876.05,2064.79
1876.71,2064.78
1877.37,2064.78
1878.03,2064.78
1878.7,2064.77
1879.36,2064.77
1880.02,2064.76
1880.68,2064.75
1881.35,2064.75
1882.01,2064.74
1882.67,2064.74
1883.33,2064.73
1884,2064.73
1884.66,2064.72
1885.32,2064.72
1885.99,2064.71
1886.65,2064.71
1887.31,2064.7
1887.97,2064.69
1888.64,2064.69
1889.3,2064.68
1889.96,2064.68
1890.62,2064.67
1891.29,2064.67
1891.95,2064.66
1892.61,2064.66
1893.27,2064.65
1893.94,2064.65
1894.6,2064.64
1895.26,2064.64
1895.92,2064.63
1896.59,2064.63
1897.25,2064.63
1897.91,2064.62
1898.57,2064.62
1899.24,2064.62
1899.9,2064.61
1900.56,2064.61
1901.22,2064.61
1901.89,2064.6
1902.55,2064.6
1903.21,2064.6
1903.87,2064.59
1904.54,2064.59
1905.2,2064.59
1905.86,2064.59
1906.53,2064.58
1907.19,2064.58
1907.85,2064.58
1908.51,2064.58
1909.18,2064.57
1909.84,2064.57
1910.5,2064.57
1911.16,2064.57
1911.83,2064.56
1912.49,2064.56
1913.15,2064.56
1913.81,2064.56
1914.48,2064.55
1915.14,2064.55
1915.8,2064.55
1916.46,2064.54
1917.13,2064.54
1917.79,2064.54
1918.45,2064.53
1919.11,2064.53
1919.78,2064.53
1920.44,2064.52
1921.1,2064.52
1921.76,2064.51
1922.43,2064.51
1923.09,2064.5
1923.75,2064.5
1924.41,2064.49
1925.08,2064.49
1925.74,2064.48
1926.4,2064.48
1927.07,2064.47
1927.73,2064.47
1928.39,2064.46
1929.05,2064.46
1929.72,2064.45
1930.38,2064.44
1931.04,2064.44
1931.7,2064.43
1932.37,2064.43
1933.03,2064.42
1933.69,2064.42
1934.35,2064.41
1935.02,2064.4
1935.68,2064.4
1936.34,2064.39
1937,2064.39
1937.67,2064.38
1938.33,2064.38
1938.99,2064.37
1939.65,2064.37
1940.32,2064.36
1940.98,2064.36
1941.64,2064.35
1942.3,2064.35
1942.97,2064.35
1943.63,2064.34
1944.29,2064.34
1944.96,2064.33
1945.62,2064.33
1946.28,2064.33
1946.94,2064.33
1947.61,2064.32
1948.27,2064.32
1948.93,2064.32
1949.59,2064.31
1950.26,2064.31
1950.92,2064.31
1951.58,2064.31
1952.24,2064.31
1952.91,2064.3
1953.57,2064.3
1954.23,2064.3
1954.89,2064.3
1955.56,2064.29
1956.22,2064.29
1956.88,2064.29
1957.54,2064.29
1958.21,2064.29
1958.87,2064.28
1959.53,2064.28
1960.19,2064.28
1960.86,2064.28
1961.52,2064.27
1962.18,2064.27
1962.85,2064.27
1963.51,2064.27
1964.17,2064.26
1964.83,2064.26
1965.5,2064.26
1966.16,2064.25
1966.82,2064.25
1967.48,2064.24
1968.15,2064.24
1968.81,2064.23
1969.47,2064.23
1970.13,2064.22
1970.8,2064.22
1971.46,2064.21
1972.12,2064.21
1972.78,2064.2
1973.45,2064.2
1974.11,2064.19
1974.77,2064.19
1975.43,2064.18
1976.1,2064.17
1976.76,2064.17
1977.42,2064.16
1978.08,2064.16
1978.75,2064.15
1979.41,2064.14
1980.07,2064.14
1980.73,2064.13
1981.4,2064.13
1982.06,2064.12
1982.72,2064.11
1983.39,2064.11
1984.05,2064.1
1984.71,2064.1
1985.37,2064.09
1986.04,2064.09
1986.7,2064.08
1987.36,2064.08
1988.02,2064.07
1988.69,2064.07
1989.35,2064.06
1990.01,2064.06
1990.67,2064.06
1991.34,2064.05
1992,2064.05
1992.66,2064.05
1993.32,2064.04
1993.99,2064.04
1994.65,2064.04
1995.31,2064.04
1995.97,2064.03
1996.64,2064.03
1997.3,2064.03
1997.96,2064.03
1998.62,2064.03
1999.29,2064.02
1999.95,2064.02
2000.61,2064.02
2001.28,2064.02
2001.94,2064.02
2002.6,2064.02
2003.26,2064.02
2003.93,2064.02
2004.59,2064.01
2005.25,2064.01
2005.91,2064.01
2006.58,2064.01
2007.24,2064.01
2007.9,2064.01
2008.56,2064.01
2009.23,2064
2009.89,2064
2010.55,2064
2011.21,2064
2011.88,2063.99
2012.54,2063.99
2013.2,2063.99
2013.86,2063.98
2014.53,2063.98
2015.19,2063.98
2015.85,2063.97
2016.51,2063.97
2017.18,2063.97
2017.84,2063.96
2018.5,2063.96
2019.16,2063.95
2019.83,2063.95
2020.49,2063.94
2021.15,2063.94
2021.82,2063.93
2022.48,2063.92
2023.14,2063.92
2023.8,2063.91
2024.47,2063.91
2025.13,2063.9
2025.79,2063.89
2026.45,2063.89
2027.12,2063.88
2027.78,2063.87
2028.44,2063.87
2029.1,2063.86
2029.77,2063.85
2030.43,2063.85
2031.09,2063.84
2031.75,2063.83
2032.42,2063.83
2033.08,2063.82
2033.74,2063.81
2034.4,2063.81
2035.07,2063.8
2035.73,2063.8
2036.39,2063.79
2037.05,2063.79
2037.72,2063.78
2038.38,2063.78
2039.04,2063.77
2039.71,2063.77
2040.37,2063.76
2041.03,2063.76
2041.69,2063.76
2042.36,2063.75
2043.02,2063.75
2043.68,2063.75
2044.34,2063.75
2045.01,2063.74
2045.67,2063.74
2046.33,2063.74
2046.99,2063.74
2047.66,2063.74
2048.32,2063.74
2048.98,2063.73
2049.64,2063.73
2050.31,2063.73
2050.97,2063.73
2051.63,2063.73
2052.29,2063.73
2052.96,2063.73
2053.62,2063.73
2054.28,2063.73
2054.94,2063.73
2055.61,2063.73
2056.27,2063.73
2056.27,2063.73
2056.93,2063.73
2057.59,2063.73
2058.26,2063.73
2058.92,2063.73
2059.58,2063.73
2060.25,2063.73
2060.91,2063.73
2061.57,2063.72
2062.23,2063.72
2062.9,2063.72
2063.56,2063.72
2064.22,2063.72
2064.88,2063.72
2065.55,2063.71
2066.21,2063.71
2066.87,2063.71
2067.53,2063.71
2068.2,2063.7
2068.86,2063.7
2069.52,2063.69
2070.18,2063.69
2070.85,2063.69
2071.51,2063.68
2072.17,2063.68
2072.83,2063.67
2073.5,2063.66
2074.16,2063.66
2074.82,2063.65
2075.48,2063.65
2076.15,2063.64
2076.81,2063.63
2077.47,2063.63
2078.14,2063.62
2078.8,2063.61
2079.46,2063.6
2080.12,2063.6
2080.79,2063.59
2081.45,2063.58
2082.11,2063.57
2082.77,2063.57
2083.44,2063.56
2084.1,2063.55
2084.76,2063.54
2085.42,2063.53
2086.09,2063.53
2086.75,2063.52
2087.41,2063.51
2088.07,2063.51
2088.74,2063.5
2089.4,2063.49
2090.06,2063.49
2090.72,2063.48
2091.39,2063.47
2092.05,2063.47
2092.71,2063.46
2093.37,2063.46
2094.04,2063.45
2094.7,2063.45
2095.36,2063.45
2096.02,2063.44
2096.69,2063.44
2097.35,2063.44
2098.01,2063.43
2098.68,2063.43
2099.34,2063.43
2100,2063.43
2100.66,2063.43
2101.33,2063.43
2101.99,2063.43
2102.65,2063.43
2103.31,2063.43
2103.98,2063.43
2104.64,2063.43
2105.3,2063.43
2105.96,2063.43
2106.63,2063.43
2107.29,2063.43
2107.95,2063.43
2108.61,2063.43
2109.28,2063.44
2109.94,2063.44
2110.6,2063.44
2111.26,2063.44
2111.93,2063.44
2112.59,2063.45
2113.25,2063.45
2113.91,2063.45
2114.58,2063.45
2115.24,2063.46
2115.9,2063.46
2116.56,2063.46
2117.23,2063.46
2117.89,2063.46
2118.55,2063.46
2119.22,2063.47
2119.88,2063.47
2120.54,2063.47
2121.2,2063.47
2121.87,2063.47
2122.53,2063.47
2123.19,2063.47
2123.85,2063.47
2124.52,2063.47
2125.18,2063.47
2125.84,2063.47
2126.5,2063.47
2127.17,2063.47
2127.83,2063.47
2128.49,2063.47
2129.15,2063.47
2129.82,2063.46
2130.48,2063.46
2131.14,2063.46
2131.8,2063.45
2132.47,2063.45
2133.13,2063.44
2133.79,2063.44
2134.45,2063.43
2135.12,2063.43
2135.78,2063.42
2136.44,2063.42
2137.11,2063.41
2137.77,2063.4
2138.43,2063.39
2139.09,2063.38
2139.76,2063.37
2140.42,2063.37
2141.08,2063.36
2141.74,2063.35
2142.41,2063.34
2143.07,2063.32
2143.73,2063.31
2144.39,2063.3
2145.06,2063.29
2145.72,2063.28
2146.38,2063.27
2147.04,2063.25
2147.71,2063.24
2148.37,2063.23
2149.03,2063.22
2149.69,2063.2
2150.36,2063.19
2151.02,2063.18
2151.68,2063.17
2152.34,2063.16
2153.01,2063.15
2153.67,2063.13
2154.33,2063.12
2154.99,2063.11
2155.66,2063.1
2156.32,2063.09
2156.98,2063.09
2157.65,2063.08
2158.31,2063.07
2158.97,2063.06
2159.63,2063.06
2160.3,2063.05
2160.96,2063.04
2161.62,2063.04
2162.28,2063.04
2162.95,2063.03
2163.61,2063.03
2164.27,2063.03
2164.93,2063.03
2165.6,2063.02
2166.26,2063.02
2166.92,2063.03
2167.58,2063.03
2168.25,2063.03
2168.91,2063.03
2169.57,2063.03
2170.23,2063.04
2170.9,2063.04
2171.56,2063.04
2172.22,2063.05
2172.88,2063.05
2173.55,2063.06
2174.21,2063.06
2174.87,2063.07
2175.54,2063.07
2176.2,2063.08
2176.86,2063.08
2177.52,2063.09
2178.19,2063.1
2178.85,2063.1
2179.51,2063.11
2180.17,2063.11
2180.84,2063.12
2181.5,2063.13
2182.16,2063.13
2182.82,2063.14
2183.49,2063.14
2184.15,2063.15
2184.81,2063.15
2185.47,2063.16
2186.14,2063.16
2186.8,2063.17
2187.46,2063.17
2188.12,2063.18
2188.79,2063.18
2189.45,2063.19
2190.11,2063.19
2190.77,2063.19
2191.44,2063.2
2192.1,2063.2
2192.76,2063.2
2193.42,2063.21
2194.09,2063.21
2194.75,2063.21
2195.41,2063.21
2196.08,2063.21
2196.74,2063.21
2197.4,2063.22
2198.06,2063.22
2198.73,2063.22
2199.39,2063.22
2200.05,2063.22
2200.71,2063.22
2201.38,2063.22
2202.04,2063.22
2202.7,2063.22
2203.36,2063.22
2204.03,2063.22
2204.69,2063.22
2205.35,2063.21
2206.01,2063.21
2206.68,2063.21
2207.34,2063.21
2208,2063.21
2208.66,2063.21
2209.33,2063.2
2209.99,2063.2
2210.65,2063.2
2211.31,2063.2
2211.98,2063.19
2212.64,2063.19
2213.3,2063.19
2213.97,2063.19
2214.63,2063.18
2215.29,2063.18
2215.95,2063.18
2216.62,2063.18
2217.28,2063.17
2217.94,2063.17
2218.6,2063.17
2219.27,2063.16
2219.93,2063.16
2220.59,2063.16
2221.25,2063.16
2221.92,2063.15
2222.58,2063.15
2223.24,2063.15
2223.9,2063.15
2224.57,2063.15
2225.23,2063.15
2225.89,2063.14
2226.55,2063.14
2227.22,2063.14
2227.88,2063.14
2228.54,2063.14
2229.2,2063.14
2229.87,2063.14
2230.53,2063.14
2231.19,2063.14
2231.86,2063.14
2232.52,2063.14
2233.18,2063.14
2233.84,2063.15
2234.51,2063.15
2235.17,2063.15
2235.83,2063.15
2236.49,2063.15
2237.16,2063.15
2237.82,2063.16
2238.48,2063.16
2239.14,2063.16
2239.81,2063.16
2240.47,2063.17
2241.13,2063.17
2241.79,2063.17
2242.46,2063.17
2243.12,2063.18
2243.78,2063.18
2244.44,2063.18
2245.11,2063.18
2245.77,2063.18
2246.43,2063.19
2247.09,2063.19
2247.76,2063.19
2248.42,2063.19
2249.08,2063.19
2249.74,2063.19
2250.41,2063.2
2251.07,2063.2
2251.73,2063.2
2252.4,2063.2
2253.06,2063.2
2253.72,2063.2
2254.38,2063.2
2255.05,2063.2
2255.71,2063.2
2256.37,2063.19
2257.03,2063.19
2257.7,2063.19
2258.36,2063.19
2259.02,2063.19
2259.68,2063.19
2260.35,2063.18
2261.01,2063.18
2261.67,2063.18
2262.33,2063.17
2263,2063.17
2263.66,2063.17
2264.32,2063.16
2264.98,2063.16
2265.65,2063.15
2266.31,2063.15
2266.97,2063.14
2267.63,2063.14
2268.3,2063.13
2268.96,2063.13
2269.62,2063.12
2270.29,2063.12
2270.95,2063.11
2271.61,2063.11
2272.27,2063.1
2272.94,2063.1
2273.6,2063.09
2274.26,2063.09
2274.92,2063.08
2275.59,2063.08
2276.25,2063.07
2276.91,2063.07
2277.57,2063.06
2278.24,2063.06
2278.9,2063.05
2279.56,2063.05
2280.22,2063.04
2280.89,2063.04
2281.55,2063.03
2282.21,2063.03
2282.87,2063.03
2283.54,2063.02
2284.2,2063.02
2284.86,2063.02
2285.52,2063.01
2286.19,2063.01
2286.85,2063.01
2287.51,2063.01
2288.17,2063
2288.84,2063
2289.5,2063
2290.16,2063
2290.83,2063
2291.49,2063
2292.15,2062.99
2292.81,2062.99
2293.48,2062.99
2294.14,2062.99
2294.8,2062.99
2295.46,2062.99
2296.13,2062.99
2296.79,2062.99
2297.45,2062.99
2298.11,2062.99
2298.78,2062.99
2299.44,2062.99
2300.1,2062.99
2300.76,2062.99
2301.43,2063
2302.09,2063
2302.75,2063
2303.41,2063
2304.08,2063
2304.74,2063
2305.4,2063
2306.06,2063
2306.73,2063
2307.39,2063
2308.05,2063
2308.72,2063.01
2309.38,2063.01
2310.04,2063.01
2310.7,2063.01
2311.37,2063.01
2312.03,2063.01
2312.69,2063.01
2313.35,2063.01
2314.02,2063.01
2314.68,2063.01
2315.34,2063.01
2316,2063.01
2316.67,2063.01
2317.33,2063.02
2317.99,2063.02
2318.65,2063.02
2319.32,2063.02
2319.98,2063.02
2320.64,2063.02
2321.3,2063.02
2321.97,2063.02
2322.63,2063.02
2323.29,2063.02
2323.95,2063.02
2324.62,2063.02
2325.28,2063.02
2325.94,2063.02
2326.6,2063.02
2327.27,2063.02
2327.93,2063.02
2328.59,2063.02
2329.26,2063.02
2329.92,2063.02
2330.58,2063.02
2331.24,2063.02
2331.91,2063.02
2332.57,2063.02
2333.23,2063.02
2333.89,2063.02
2334.56,2063.02
2335.22,2063.02
2335.88,2063.02
2336.54,2063.02
2337.21,2063.02
2337.87,2063.02
2338.53,2063.02
2339.19,2063.02
2339.86,2063.02
2340.52,2063.02
2341.18,2063.02
2341.84,2063.02
2342.51,2063.02
2343.17,2063.02
2343.83,2063.02
2344.49,2063.02
2345.16,2063.01
2345.82,2063.01
2346.48,2063.01
2347.15,2063.01
2347.81,2063.01
2348.47,2063.01
2349.13,2063.01
2349.8,2063.01
2350.46,2063.01
2351.12,2063.01
2351.78,2063.01
2352.45,2063.01
2353.11,2063.01
2353.77,2063.01
2354.43,2063.01
2355.1,2063.01
2355.76,2063.02
2356.42,2063.02
2357.08,2063.02
2357.75,2063.02
2358.41,2063.02
2359.07,2063.02
2359.73,2063.02
2360.4,2063.02
2361.06,2063.02
2361.72,2063.02
2362.38,2063.02
2363.05,2063.02
2363.71,2063.02
2364.37,2063.02
2365.03,2063.02
2365.7,2063.02
2366.36,2063.02
2367.02,2063.02
2367.69,2063.02
2368.35,2063.02
2369.01,2063.02
2369.67,2063.02
2370.34,2063.02
2371,2063.02
2371.66,2063.02
2372.32,2063.02
2372.99,2063.02
2373.65,2063.02
2374.31,2063.02
2374.97,2063.02
2375.64,2063.02
2376.3,2063.02
2376.96,2063.03
2377.62,2063.03
2378.29,2063.03
2378.95,2063.03
2379.61,2063.03
2380.27,2063.03
2380.94,2063.03
2381.6,2063.03
2382.26,2063.03
2382.92,2063.03
2383.59,2063.03
2384.25,2063.03
2384.91,2063.03
2385.58,2063.03
2386.24,2063.03
2386.9,2063.03
2387.56,2063.03
2388.23,2063.03
2388.89,2063.03
2389.55,2063.03
2390.21,2063.03
2390.88,2063.03
2391.54,2063.03
2392.2,2063.03
2392.86,2063.03
2393.53,2063.03
2394.19,2063.03
2394.85,2063.03
2395.51,2063.03
2396.18,2063.03
2396.84,2063.03
2397.5,2063.03
2398.16,2063.03
2398.83,2063.03
2399.49,2063.03
2400.15,2063.03
2400.81,2063.03
2401.48,2063.03
2402.14,2063.03
2402.8,2063.03
2403.46,2063.03
2404.13,2063.03
2404.79,2063.03
2405.45,2063.03
2406.12,2063.03
2406.78,2063.03
2407.44,2063.03
2408.1,2063.03
2408.77,2063.03
2409.43,2063.03
2410.09,2063.03
2410.75,2063.03
2411.42,2063.03
2412.08,2063.03
2412.74,2063.03
2413.4,2063.03
2414.07,2063.03
2414.73,2063.03
2415.39,2063.03
2416.05,2063.03
2416.72,2063.03
2417.38,2063.03
2418.04,2063.03
2418.7,2063.03
2419.37,2063.03
2420.03,2063.03
2420.69,2063.03
2421.35,2063.03
2422.02,2063.03
2422.68,2063.03
2423.34,2063.03
2424.01,2063.03
2424.67,2063.03
2425.33,2063.03
2425.99,2063.03
2426.66,2063.03
2427.32,2063.03
2427.98,2063.03
2428.64,2063.03
2429.31,2063.03
2429.97,2063.03
2430.63,2063.03
2431.29,2063.03
2431.96,2063.03
2432.62,2063.03
2433.28,2063.03
2433.94,2063.03
2434.61,2063.03
2435.27,2063.03
2435.93,2063.03
2436.59,2063.03
2437.26,2063.02
2437.92,2063.02
2438.58,2063.02
2439.24,2063.02
2439.91,2063.02
2440.57,2063.02
2441.23,2063.02
2441.9,2063.02
2442.56,2063.02
2443.22,2063.02
2443.88,2063.02
2444.55,2063.02
2445.21,2063.02
2445.87,2063.02
2446.53,2063.02
2447.2,2063.02
2447.86,2063.02
2448.52,2063.02
2449.18,2063.02
2449.85,2063.02
2450.51,2063.01
2451.17,2063.01
2451.83,2063.01
2452.5,2063.01
2453.16,2063.01
2453.82,2063.01
2454.48,2063.01
2455.15,2063.01
2455.81,2063.01
2456.47,2063.01
2457.13,2063.01
2457.8,2063.01
2458.46,2063.01
2459.12,2063.01
2459.78,2063.01
2460.45,2063
2461.11,2063
2461.77,2063
2462.44,2063
2463.1,2063
2463.76,2063
2464.42,2063
2465.09,2063
2465.75,2063
2466.41,2063
2467.07,2063
2467.74,2063
2468.4,2063
2469.06,2063
2469.72,2062.99
2470.39,2062.99
2471.05,2062.99
2471.71,2062.99
2472.37,2062.99
2473.04,2062.99
2473.7,2062.99
2474.36,2062.99
2475.02,2062.99
2475.69,2062.99
2476.35,2062.99
2477.01,2062.99
2477.67,2062.99
2478.34,2062.99
2479,2062.99
2479.66,2062.98
2480.32,2062.98
2480.99,2062.98
2481.65,2062.98
2482.31,2062.98
2482.98,2062.98
2483.64,2062.98
2484.3,2062.98
2484.96,2062.98
2485.63,2062.98
2486.29,2062.98
2486.95,2062.98
2487.61,2062.98
2488.28,2062.98
2488.94,2062.97
2489.6,2062.97
2490.26,2062.97
2490.93,2062.97
2491.59,2062.97
2492.25,2062.97
2492.91,2062.97
2493.58,2062.97
2494.24,2062.97
2494.9,2062.97
2495.56,2062.97
2496.23,2062.97
2496.89,2062.96
2497.55,2062.96
2498.21,2062.96
2498.88,2062.96
2499.54,2062.96
2500.2,2062.96
2500.86,2062.96
2501.53,2062.96
2502.19,2062.96
2502.85,2062.96
2503.52,2062.98
2504.18,2063.02
2504.84,2062.93
2505.5,2062.15
2506.17,2059.94
2506.83,2058.98
2507.49,2079.99
2508.15,2181.39
2508.82,2476.54
2509.48,2970.86
2510.14,3455.01
2510.8,3803.87
2511.47,4071.69
2512.13,4305.87
2512.79,4519.1
2513.45,4715.96
2514.12,4899.21
2514.78,5070.53
2515.44,5231.41
2516.1,5382.96
2516.77,5526.22
2517.43,5662.11
2518.09,5791.42
2518.75,5914.83
2519.42,6032.91
2520.08,6146.17
2520.74,6255.02
2521.41,6359.86
2522.07,6461.03
2522.73,6558.87
2523.39,6653.69
2524.06,6745.74
2524.72,6835.23
2525.38,6922.37
2526.04,7007.36
2526.71,7090.36
2527.37,7171.53
2528.03,7251.01
2528.69,7328.93
2529.36,7405.39
2530.02,7480.5
2530.68,7554.34
2531.34,7627.01
2532.01,7698.56
2532.67,7769.08
2533.33,7838.6
2533.99,7907.19
2534.66,7974.88
2535.32,8041.73
2535.98,8107.77
2536.64,8173.04
2537.31,8237.57
2537.97,8301.39
2538.63,8364.54
2539.29,8427.03
2539.96,8488.9
2540.62,8550.16
2541.28,8610.83
2541.95,8670.93
2542.61,8730.49
2543.27,8789.5
2543.93,8848
2544.6,8906
2545.26,8963.5
2545.92,9020.53
2546.58,9077.1
2547.25,9133.22
2547.91,9188.91
2548.57,9244.18
2549.23,9299.04
2549.9,9353.52
2550.56,9407.63
2551.22,9461.37
2551.88,9514.77
2552.55,9567.83
2553.21,9620.56
2553.87,9672.98
2554.53,9725.1
2555.2,9776.91
2555.86,9828.44
2556.52,9879.69
2557.18,9930.65
2557.85,9981.34
2558.51,10031.8
2559.17,10081.9
2559.84,10131.8
2560.5,10181.4
2561.16,10230.8
2561.82,10279.9
2562.49,10328.8
2563.15,10377.3
2563.81,10425.6
2564.47,10473.6
2565.14,10521.4
2565.8,10568.9
2566.46,10616.1
2567.12,10663
2567.79,10709.6
2568.45,10755.9
2569.11,10801.9
2569.77,10847.7
2570.44,10893.1
2571.1,10938.3
2571.76,10983.2
2572.42,11027.9
2573.09,11072.3
2573.75,11116.5
2574.41,11160.5
2575.07,11204.3
2575.74,11248
2576.4,11291.6
2577.06,11335.1
2577.73,11378.5
2578.39,11421.9
2579.05,11465.3
2579.71,11508.7
2580.38,11552.2
2581.04,11595.8
2581.7,11639.5
2582.36,11683.3
2583.03,11727.1
2583.69,11771.1
2584.35,11815.2
2585.01,11859.4
2585.68,11903.8
2586.34,11947.8
2586.99,11991.5
2587.64,12034.7
2588.27,12077.4
2588.91,12119.7
2589.53,12161.4
2590.15,12202.7
2590.77,12243.4
2591.38,12283.6
2591.98,12323.1
2592.58,12362.1
2593.17,12400.5
2593.75,12438.3
2594.33,12475.5
2594.9,12512.1
2595.47,12548
2596.03,12583.3
2596.59,12617.9
2597.14,12651.9
2597.68,12685.2
2598.22,12717.9
2598.76,12750
2599.29,12781.4
2599.81,12812.2
2600.33,12842.3
2600.84,12871.7
2601.35,12900.6
2601.86,12928.8
2602.35,12956.3
2602.85,12983.2
2603.34,13009.5
2603.82,13035.2
2604.3,13060.3
2604.77,13084.7
2605.24,13108.5
2605.71,13131.8
2606.17,13154.4
2606.62,13176.4
2607.08,13197.9
2607.52,13218.8
2607.97,13239.1
2608.4,13258.9
2608.84,13278.1
2609.27,13296.8
2609.69,13315
2610.11,13332.6
2610.53,13349.7
2610.94,13366.4
2611.35,13382.5
2611.75,13398.2
2612.16,13413.4
2612.55,13428.2
2612.94,13442.5
2613.33,13456.4
2613.72,13469.9
2614.1,13483
2614.48,13495.7
2614.85,13508.1
2615.22,13520.1
2615.59,13531.8
2615.95,13543.2
2616.31,13554.2
2616.66,13565
2617.01,13575.5
2617.36,13585.8
2617.71,13595.9
2618.05,13605.7
2618.39,13615.3
2618.72,13624.8
2619.05,13634.1
2619.38,13643.3
2619.71,13652.4
2620.03,13661.3
2620.35,13670.2
2620.66,13679.1
2620.98,13687.9
2621.28,13696.7
2621.59,13705.5
2621.89,13714.4
2622.19,13723.3
2622.49,13732.3
2622.79,13741.4
2623.08,13750.6
2623.37,13760
2623.65,13769.5
2623.93,13779.2
2624.21,13789.1
2624.49,13799.3
2624.76,13809.7
2625.04,13820.4
2625.31,13831.5
2625.57,13842.8
2625.84,13854.5
2626.1,13866.6
2626.36,13879.1
2626.61,13892
2626.86,13905.3
2627.12,13919.1
2627.36,13933.4
2627.61,13948.2
2627.85,13963.5
2628.09,13979.4
2628.33,13995.9
2628.57,14013
2628.8,14030.6
2629.04,14048.9
2629.26,14067.9
2629.49,14087.5
2629.72,14107.9
2629.94,14128.9
2630.16,14150.7
2630.38,14173.2
2630.59,14196.4
2630.81,14220.5
2631.02,14245.3
2631.23,14270.9
2631.44,14297.4
2631.64,14324.6
2631.85,14352.8
2632.05,14381.7
2632.25,14411.6
2632.45,14442.3
2632.64,14473.8
2632.83,14506.3
2633.03,14539.7
2633.22,14573.9
2633.4,14609.1
2633.59,14645.2
2633.77,14682.2
2633.96,14720.1
2634.14,14758.9
2634.32,14798.6
2634.49,14839.2
2634.67,14880.8
2634.84,14923.3
2635.02,14966.6
2635.19,15010.9
2635.35,15056.1
2635.52,15102.2
2635.69,15149.1
2635.85,15196.9
2636.01,15245.6
2636.17,15295.2
2636.33,15345.5
2636.49,15396.8
2636.64,15448.8
2636.8,15501.6
2636.95,15555.3
2637.1,15609.6
2637.25,15664.8
2637.4,15720.7
2637.55,15777.3
2637.69,15834.5
2637.83,15892.5
2637.98,15951
2638.12,16010.2
2638.26,16070
2638.39,16130.2
2638.53,16191
2638.67,16252.3
2638.8,16314
2638.93,16376
2639.07,16438.4
2639.2,16501
2639.32,16563.8
2639.45,16626.7
2639.58,16689.6
2639.7,16752.5
2639.83,16815.1
2639.95,16877.4
2640.07,16939.1
2640.19,17000.2
2640.31,17060.2
2640.43,17119.1
2640.54,17176.3
2640.66,17231.4
2640.77,17284
2640.89,17333.3
2641,17378.5
2641.11,17418.8
2641.22,17453
2641.33,17480.3
2641.44,17499.2
2641.54,17509.7
2641.65,17509.8
2641.75,17503.9
2641.86,17486.7
2641.96,17486.5
2642.06,17494.3
2642.16,17643
2642.26,17416
2642.33,17227.2
2642.41,17271.5
2642.49,17203.6
2642.56,17226.7
2642.64,17163.3
2642.72,17122.2
2642.8,17058
2642.88,16998.4
2642.96,16930.6
2643.04,16861.3
2643.12,16788.1
2643.2,16713
2643.29,16636.1
2643.37,16558.4
2643.46,16480.4
2643.54,16402.5
2643.63,16325.4
2643.72,16249.4
2643.81,16174.8
2643.9,16102
2643.99,16031
2644.08,15962.2
2644.17,15895.7
2644.26,15831.5
2644.36,15769.8
2644.45,15710.6
2644.55,15653.9
2644.65,15599.7
2644.75,15548.2
2644.85,15499.2
2644.95,15452.7
2645.05,15408.8
2645.15,15367.4
2645.25,15328.5
2645.36,15292.1
2645.46,15258.1
2645.57,15226.5
2645.68,15197.3
2645.78,15170.4
2645.89,15145.9
2646,15123.6
2646.12,15103.5
2646.23,15085.7
2646.34,15070
2646.46,15056.5
2646.57,15045.1
2646.69,15035.8
2646.81,15028.6
2646.93,15023.4
2647.05,15020.1
2647.17,15018.9
2647.3,15019.6
2647.42,15022.2
2647.55,15026.7
2647.67,15033.1
2647.8,15041.4
2647.93,15051.5
2648.06,15063.4
2648.2,15077.1
2648.33,15092.6
2648.46,15109.9
2648.6,15128.9
2648.74,15149.6
2648.88,15172.1
2649.02,15196.3
2649.16,15222.2
2649.3,15249.7
2649.45,15279
2649.59,15310
2649.74,15342.6
2649.89,15376.9
2650.04,15412.8
2650.19,15450.5
2650.35,15489.7
2650.5,15530.7
2650.66,15573.3
2650.82,15617.6
2650.98,15663.6
2651.14,15711.2
2651.3,15760.5
2651.47,15811.5
2651.63,15864.2
2651.8,15918.6
2651.97,15974.8
2652.14,16032.7
2652.32,16092.3
2652.49,16153.7
2652.67,16216.9
2652.85,16281.8
2653.03,16348.6
2653.21,16417.3
2653.39,16487.8
2653.58,16560.2
2653.76,16634.5
2653.95,16710.7
2654.15,16788.9
2654.34,16869.2
2654.53,16951.4
2654.73,17035.7
2654.93,17122.2
2655.13,17210.7
2655.33,17301.5
2655.54,17394.4
2655.75,17489.7
2655.96,17587.2
2656.17,17687.1
2656.38,17789.4
2656.6,17894.2
2656.81,18001.5
2657.03,18111.3
2657.25,18223.8
2657.48,18339
2657.71,18456.9
2657.93,18577.6
2658.17,18701.2
2658.4,18827.8
2658.63,18957.3
2658.87,19090
2659.11,19225.9
2659.36,19365
2659.6,19507.4
2659.85,19653.2
2660.1,19802.6
2660.35,19955.5
2660.61,20112.2
2660.86,20272.6
2661.12,20436.9
2661.39,20605.1
2661.65,20777.5
2661.92,20954
2662.19,21134.8
2662.47,21320
2662.74,21509.8
2663.02,21704.1
2663.3,21903.3
2663.59,22107.3
2663.88,22316.3
2664.17,22530.5
2664.46,22749.9
2664.76,22974.8
2665.06,23205.2
2665.36,23441.3
2665.66,23683.2
2665.97,23931.2
2666.28,24185.3
2666.6,24445.7
2666.91,24712.6
2667.24,24986.2
2667.56,25266.6
2667.89,25554
2668.22,25848.7
2668.55,26150.7
2668.89,26460.3
2669.23,26777.7
2669.57,27103.2
2669.92,27436.9
2670.27,27775.4
2670.62,28119.1
2670.96,28467.9
2671.31,28821.9
2671.66,29181.1
2672,29545.6
2672.35,29915.5
2672.7,30290.9
2673.05,30671.7
2673.39,31058.1
2673.74,31450.1
2674.09,31847.9
2674.44,32251.5
2674.78,32661
2675.13,33076.6
2675.48,33498.3
2675.83,33926.2
2676.17,34360.5
2676.52,34801.2
2676.87,35248.6
2677.21,35702.7
2677.56,36163.8
2677.91,36631.8
2678.26,37107.1
2678.6,37589.7
2678.95,38079.8
2679.3,38577.6
2679.65,39083.2
2679.99,39596.8
2680.34,40118.6
2680.69,40648.7
2681.04,41187.4
2681.38,41734.7
2681.73,42291
2682.08,42856.2
2682.42,43430.8
2682.77,44014.7
2683.12,44608.2
2683.47,45211.6
2683.81,45824.9
2684.16,46448.4
2684.51,47082.3
2684.86,47726.7
2685.2,48382
2685.55,49048.2
2685.9,49725.7
2686.24,50414.6
2686.59,51115.2
2686.94,51827.7
2687.29,52552.4
2687.63,53289.5
2687.98,54039.2
2688.33,54801.9
2688.68,55577.8
2689.02,56367.2
2689.37,57170.2
2689.72,57987.3
2690.07,58818.6
2690.41,59664.4
2690.76,60525
2691.11,61400.6
2691.45,62291.3
2691.8,63197.6
2692.15,64119.6
2692.5,65057.4
2692.84,66011.3
2693.19,66981.3
2693.54,67967.6
2693.89,68970.3
2694.23,69989.4
2694.58,71024.9
2694.93,72076.9
2695.28,73145.4
2695.62,74230.3
2695.97,75331.6
2696.32,76449.2
2696.66,77583.1
2697.01,78733.2
2697.36,79899.4
2697.71,81081.6
2698.05,82279.9
2698.4,83494
2698.75,84724
2699.1,85969.8
2699.44,87231.3
2699.79,88508.6
2700.14,89801.4
2700.49,91109.8
2700.83,92433.7
2701.18,93773
2701.53,95127.8
2701.87,96497.8
2702.22,97883
2702.57,99283.3
2702.92,100699
2703.26,102129
2703.61,103573
2703.96,105032
2704.31,106505
2704.65,107991
2705,109491
2705.35,111004
2705.7,112530
2706.04,114067
2706.39,115616
2706.74,117176
2707.08,118746
2707.43,120325
2707.78,121914
2708.13,123510
2708.47,125112
2708.82,126721
2709.17,128334
2709.52,129950
2709.86,131569
2710.21,133188
2710.56,134806
2710.91,136421
2711.25,138032
2711.6,139637
2711.95,141234
2712.29,142822
2712.64,144398
2712.99,145961
2713.34,147508
2713.68,149035
2714.03,150538
2714.38,152012
2714.73,153448
2715.07,154837
2715.42,156166
2715.77,157420
2716.11,158584
2716.46,159639
2716.81,160567
2717.16,161351
2717.5,161976
2717.85,162430
2718.2,162704
2718.55,162796
2718.89,162707
2719.24,162443
2719.59,162015
2719.94,161438
2720.28,160728
2720.63,159905
2720.98,158987
2721.32,157994
2721.67,156944
2722.02,155852
2722.37,154734
2722.71,153601
2723.06,152463
2723.41,151329
2723.76,150202
2724.1,149089
2724.45,147991
2724.8,146909
2725.15,145844
2725.49,144795
2725.84,143763
2726.19,142745
2726.53,141740
2726.88,140748
2727.23,139768
2727.58,138800
2727.92,137842
2728.27,136894
2728.62,135956
2728.97,135026
2729.31,134104
2729.66,133186
2730.01,132271
2730.36,131356
2730.7,130440
2731.05,129520
2731.4,128597
2731.74,127670
2732.09,126739
2732.44,125805
2732.79,124870
2733.13,123935
2733.48,123001
2733.83,122071
2734.18,121146
2734.52,120228
2734.87,119318
2735.22,118418
2735.56,117528
2735.91,116651
2736.26,115788
2736.61,114939
2736.95,114105
2737.3,113288
2737.65,112488
2738,111706
2738.34,110943
2738.69,110198
2739.04,109472
2739.39,108766
2739.73,108080
2740.08,107414
2740.43,106768
2740.77,106142
2741.12,105535
2741.47,104949
2741.82,104382
2742.16,103833
2742.51,103304
2742.86,102792
2743.21,102298
2743.55,101821
2743.9,101361
2744.25,100916
2744.6,100486
2744.94,100071
2745.29,99670.8
2745.64,99284.2
2745.98,98911
2746.33,98551.1
2746.68,98204.3
2747.03,97870.4
2747.37,97549.2
2747.37,97549.2
2747.72,97240.6
2748.07,96944.6
2748.42,96660.9
2748.76,96389.4
2749.11,96129.9
2749.46,95882.3
2749.8,95646.4
2750.15,95421.8
2750.5,95208.3
2750.85,95005.7
2751.19,94813.7
2751.54,94632
2751.89,94460.4
2752.24,94298.5
2752.58,94146.2
2752.93,94003.1
2753.28,93869
2753.63,93743.7
2753.97,93627
2754.32,93518.5
2754.67,93418.2
2755.01,93325.7
2755.36,93241
2755.71,93163.7
2756.06,93093.7
2756.4,93030.9
2756.75,92974.9
2757.1,92925.6
2757.45,92882.8
2757.79,92846.3
2758.14,92815.8
2758.49,92791.1
2758.84,92772
2759.18,92758.3
2759.53,92749.8
2759.88,92746.2
2760.22,92747.5
2760.57,92753.3
2760.92,92763.5
2761.27,92777.9
2761.61,92796.3
2761.96,92818.4
2762.31,92844.1
2762.66,92873.1
2763,92905.4
2763.35,92940.6
2763.7,92978.6
2764.05,93019.3
2764.39,93062.4
2764.74,93108
2765.09,93155.7
2765.43,93205.5
2765.78,93257.2
2766.13,93310.9
2766.48,93366.2
2766.82,93423.2
2767.17,93481.8
2767.52,93541.8
2767.87,93603.2
2768.21,93666
2768.56,93729.9
2768.91,93795.1
2769.26,93861.3
2769.6,93928.5
2769.95,93996.6
2770.3,94065.4
2770.64,94134.9
2770.99,94204.8
2771.34,94275
2771.69,94345.5
2772.03,94415.9
2772.38,94486.2
2772.73,94556.1
2773.08,94625.5
2773.42,94694.3
2773.77,94762.3
2774.12,94829.2
2774.47,94895
2774.81,94959.5
2775.16,95022.5
2775.51,95084
2775.85,95143.7
2776.2,95201.6
2776.55,95257.5
2776.9,95311.4
2777.24,95363.3
2777.59,95412.9
2777.94,95460.5
2778.29,95505.8
2778.63,95549
2778.98,95590.1
2779.33,95629.1
2779.67,95666.1
2780.02,95701
2780.37,95734
2780.72,95765
2781.06,95794
2781.41,95820.9
2781.76,95845.5
2782.11,95867.9
2782.45,95887.6
2782.8,95904.4
2783.15,95918.2
2783.5,95928.4
2783.84,95935
2784.19,95937.6
2784.54,95936
2784.88,95930.1
2785.23,95920
2785.58,95905.8
2785.93,95887.9
2786.27,95866.6
2786.62,95842.6
2786.97,95816.7
2787.32,95789.7
2787.66,95762.6
2788.01,95736.4
2788.36,95711.9
2788.71,95690
2789.05,95671.6
2789.4,95657.2
2789.75,95647.1
2790.09,95641.7
2790.44,95640.7
2790.79,95643.9
2791.14,95650.8
2791.48,95660.7
2791.83,95672.7
2792.18,95685.9
2792.53,95699.3
2792.87,95712
2793.22,95722.9
2793.57,95731.2
2793.92,95736.2
2794.26,95737.3
2794.61,95734
2794.96,95726.2
2795.3,95713.6
2795.65,95696.4
2796,95674.8
2796.35,95649
2796.69,95619.5
2797.04,95586.6
2797.39,95550.5
2797.74,95511.5
2798.08,95469.3
2798.43,95423.4
2798.78,95372.5
2799.12,95314.7
2799.47,95247.6
2799.82,95167.5
2800.17,95070.3
2800.51,94950.9
2800.86,94803.9
2801.21,94623.4
2801.56,94403.5
2801.9,94138.7
2802.25,93823.9
2802.6,93455
2802.95,93028.9
2803.29,92543.5
2803.64,91998.3
2803.99,91393.7
2804.33,90731.4
2804.68,90014.1
2805.03,89245.2
2805.38,88428.8
2805.72,87569.6
2806.07,86672.2
2806.42,85741.7
2806.77,84782.9
2807.11,83800.5
2807.46,82799.1
2807.81,81783
2808.16,80756.1
2808.5,79722.2
2808.85,78684.3
2809.2,77645.6
2809.54,76608.7
2809.89,75575.9
2810.24,74549.3
2810.59,73530.8
2810.93,72521.9
2811.28,71524
2811.63,70538.3
2811.98,69566
2812.32,68608
2812.67,67665.1
2813.02,66738
2813.37,65827.5
2813.71,64934.1
2814.06,64058.4
2814.41,63201
2814.75,62362.5
2815.1,61543.2
2815.45,60743.7
2815.8,59964.5
2816.14,59206.2
2816.49,58469.2
2816.84,57754
2817.19,57061.1
2817.53,56389.5
2817.88,55747.6
2818.22,55135
2818.56,54551.5
2818.89,53996.5
2819.22,53469.8
2819.55,52970.8
2819.88,52499
2820.2,52053.6
2820.52,51634.2
2820.83,51239.9
2821.14,50870
2821.45,50523.5
2821.76,50199.7
2822.06,49897.5
2822.36,49616
2822.66,49354.2
2822.95,49111
2823.24,48885.4
2823.53,48676.2
2823.82,48482.5
2824.1,48303.1
2824.38,48137.1
2824.65,47983.5
2824.93,47841.2
2825.2,47709.3
2825.47,47587
2825.73,47473.4
2826,47367.6
2826.26,47269.1
2826.52,47177.1
2826.77,47090.9
2827.03,47010
2827.28,46933.8
2827.52,46861.8
2827.77,46793.5
2828.01,46728.7
2828.25,46666.9
2828.49,46607.8
2828.73,46551.2
2828.96,46496.7
2829.19,46444.3
2829.42,46393.6
2829.65,46344.5
2829.88,46296.8
2830.1,46250.5
2830.32,46205.4
2830.54,46161.4
2830.75,46118.5
2830.97,46076.5
2831.18,46035.4
2831.39,45995.2
2831.59,45955.7
2831.8,45917
2832,45879.1
2832.2,45841.8
2832.4,45805.2
2832.6,45769.3
2832.8,45733.9
2832.99,45699.2
2833.18,45665.1
2833.37,45631.6
2833.56,45598.6
2833.75,45566.2
2833.93,45534.4
2834.11,45503.1
2834.29,45472.3
2834.47,45442.1
2834.65,45412.4
2834.82,45383.2
2835,45354.5
2835.17,45326.4
2835.34,45298.7
2835.51,45271.5
2835.67,45244.8
2835.84,45218.6
2836,45192.8
2836.16,45167.5
2836.32,45142.7
2836.48,45118.3
2836.64,45094.4
2836.79,45070.9
2836.95,45047.8
2837.1,45025.1
2837.25,45002.9
2837.4,44981.1
2837.55,44959.7
2837.7,44938.7
2837.84,44918
2837.98,44897.8
2838.13,44877.9
2838.27,44858.4
2838.41,44839.3
2838.54,44820.6
2838.68,44802.1
2838.82,44784.1
2838.95,44766.4
2839.08,44749
2839.21,44731.9
2839.34,44715.2
2839.47,44698.8
2839.6,44682.8
2839.73,44667
2839.85,44651.5
2839.98,44636.4
2840.1,44621.5
2840.22,44606.9
2840.34,44592.6
2840.46,44578.6
2840.58,44564.9
2840.69,44551.4
2840.81,44538.2
2840.92,44525.3
2841.03,44512.6
2841.15,44500.2
2841.26,44488
2841.37,44476.1
2841.48,44464.5
2841.58,44453
2841.69,44441.8
2841.8,44430.8
2841.9,44420.1
2842,44409.6
2842.11,44399.3
2842.21,44389.2
2842.31,44379.3
2842.41,44369.6
2842.5,44360.1
2842.6,44350.9
2842.7,44341.8
2842.79,44332.9
2842.89,44324.2
2842.98,44315.7
2843.08,44307.4
2843.17,44299.3
2843.26,44291.3
2843.35,44283.5
2843.44,44275.9
2843.52,44268.4
2843.61,44261.2
2843.7,44254
2843.78,44247.1
2843.87,44240.2
2843.95,44233.6
2844.04,44227.1
2844.12,44220.7
2844.2,44214.5
2844.28,44208.4
2844.36,44202.4
2844.44,44196.6
2844.52,44191
2844.59,44185.4
2844.67,44180
2844.75,44174.7
2844.82,44169.5
2844.9,44164.5
2844.97,44159.6
2845.04,44154.8
2845.12,44150.1
2845.19,44145.5
2845.26,44141
2845.33,44136.6
2845.4,44132.4
2845.47,44128.2
2845.53,44124.1
2845.6,44120.2
2845.67,44116.3
2845.73,44112.5
2845.8,44108.8
2845.87,44105.3
2845.93,44101.7
2845.99,44098.3
2846.06,44095
2846.12,44091.8
2846.18,44088.6
2846.24,44085.5
2846.3,44082.5
2846.36,44079.6
2846.42,44076.7
2846.48,44074
2846.54,44071.3
2846.59,44068.6
2846.65,44066.1
2846.71,44063.6
2846.76,44061.1
2846.82,44058.8
2846.87,44056.5
2846.93,44054.2
2846.98,44052
2847.03,44049.9
2847.09,44047.9
2847.14,44045.8
2847.19,44043.9
2847.24,44042
2847.29,44040.2
2847.34,44038.4
2847.39,44036.6
2847.44,44034.9
2847.49,44033.3
2847.54,44031.7
2847.58,44030.2
2847.63,44028.7
2847.68,44027.2
2847.72,44025.8
2847.77,44024.4
2847.82,44023.1
2847.86,44021.8
2847.9,44020.6
2847.95,44019.4
2847.99,44018.2
2848.03,44017.1
2848.08,44016
2848.12,44014.9
2848.16,44013.9
2848.2,44012.9
2848.24,44011.9
2848.28,44011
2848.32,44010.1
2848.36,44009.2
2848.4,44008.4
2848.44,44007.6
2848.48,44006.8
2848.52,44006.1
2848.56,44005.3
2848.59,44004.6
2848.63,44004
2848.67,44003.3
2848.71,44002.7
2848.74,44002.1
2848.78,44001.5
2848.81,44001
2848.85,44000.5
2848.88,44000
2848.92,43999.5
2848.95,43999
2848.98,43998.6
2849.02,43998.2
2849.05,43997.8
2849.08,43997.4
2849.11,43997
2849.15,43996.7
2849.18,43996.3
2849.21,43996
2849.24,43995.7
2849.27,43995.5
2849.3,43995.2
2849.33,43995
2849.36,43994.7
2849.39,43994.5
2849.42,43994.3
2849.45,43994.1
2849.48,43993.9
2849.51,43993.8
2849.53,43993.6
2849.56,43993.5
2849.59,43993.4
2849.62,43993.2
2849.64,43993.1
2849.67,43993.1
2849.7,43993
2849.72,43992.9
2849.75,43992.8
2849.77,43992.8
2849.8,43992.8
2849.83,43992.7
2849.85,43992.7
2849.87,43992.7
2849.9,43992.7
2849.92,43992.7
2849.95,43992.7
2849.97,43992.7
2849.99,43992.7
2850.02,43992.8
2850.04,43992.8
2850.06,43992.9
2850.09,43992.9
2850.11,43993
2850.13,43993.1
2850.15,43993.1
2850.17,43993.2
2850.2,43993.3
2850.22,43993.4
2850.24,43993.5
2850.26,43993.6
2850.28,43993.7
2850.3,43993.8
2850.32,43993.9
2850.34,43994.1
2850.36,43994.2
2850.38,43994.3
2850.4,43994.5
2850.42,43994.6
2850.44,43994.7
2850.46,43994.9
2850.47,43995
2850.49,43995.2
2850.51,43995.4
2850.53,43995.5
2850.55,43995.7
2850.57,43995.8
2850.58,43996
2850.6,43996.2
2850.62,43996.4
2850.63,43996.5
2850.65,43996.7
2850.67,43996.9
2850.68,43997.1
2850.7,43997.3
2850.72,43997.4
2850.73,43997.6
2850.75,43997.8
2850.77,43998
2850.78,43998.2
2850.8,43998.4
2850.81,43998.6
2850.83,43998.8
2850.84,43999
2850.86,43999.2
2850.87,43999.4
2850.89,43999.6
2850.9,43999.8
2850.91,44000
2850.93,44000.2
2850.94,44000.4
2850.96,44000.6
2850.97,44000.9
2850.98,44001.1
2851,44001.3
2851.01,44001.5
2851.02,44001.7
2851.04,44001.9
2851.05,44002.1
2851.06,44002.3
2851.08,44002.5
2851.09,44002.7
2851.1,44003
2851.11,44003.2
2851.12,44003.4
2851.14,44003.6
2851.15,44003.8
2851.16,44004
2851.17,44004.2
2851.18,44004.4
2851.2,44004.6
2851.21,44004.9
2851.22,44005.1
2851.23,44005.3
2851.24,44005.5
2851.25,44005.7
2851.26,44005.9
2851.27,44006.1
2851.28,44006.3
2851.29,44006.5
2851.3,44006.7
2851.31,44006.9
2851.32,44007.2
2851.33,44007.4
2851.34,44007.6
2851.35,44007.8
2851.36,44008
2851.37,44008.2
2851.38,44008.4
2851.39,44008.6
2851.4,44008.8
2851.41,44009
2851.42,44009.2
2851.43,44009.4
2851.44,44009.6
2851.45,44009.8
2851.46,44010
2851.47,44010.4
2851.47,44010.2
2851.48,44010.6
2851.49,44010.8
2851.5,44010.9
2851.51,44011.1
2851.52,44011.5
2851.52,44011.3
2851.53,44011.7
2851.54,44011.9
2851.55,44012.1
2851.56,44012.4
2851.56,44012.3
2851.57,44012.6
2851.58,44012.8
2851.59,44013.2
2851.59,44013
2851.6,44013.4
2851.61,44013.5
2851.62,44013.9
2851.62,44013.7
2851.63,44014.1
2851.64,44014.4
2851.64,44014.2
2851.65,44014.6
2851.66,44014.8
2851.67,44015.1
2851.67,44014.9
2851.68,44015.3
2851.69,44015.6
2851.69,44015.4
2851.7,44015.9
2851.7,44015.8
2851.71,44016.1
2851.72,44016.4
2851.72,44016.3
2851.73,44016.6
2851.74,44016.9
2851.74,44016.7
2851.75,44017.2
2851.75,44017.1
2851.76,44017.5
2851.76,44017.4
2851.77,44017.7
2851.78,44018
2851.78,44017.8
2851.79,44018.3
2851.79,44018.1
2851.8,44018.6
2851.8,44018.4
2851.81,44018.9
2851.81,44018.7
2851.82,44019.1
2851.82,44019
2851.83,44019.4
2851.83,44019.3
2851.84,44019.7
2851.84,44019.6
2851.85,44020
2851.85,44019.8
2851.86,44020.2
2851.86,44020.1
2851.87,44020.5
2851.87,44020.4
2851.88,44020.8
2851.88,44020.6
2851.89,44021
2851.89,44020.9
2851.9,44021.3
2851.9,44021.1
2851.91,44021.6
2851.91,44021.5
2851.91,44021.4
2851.92,44021.9
2851.92,44021.8
2851.93,44022.2
2851.93,44022.1
2851.93,44022
2851.94,44022.5
2851.94,44022.4
2851.95,44022.8
2851.95,44022.7
2851.95,44022.6
2851.96,44023
2851.96,44022.9
2851.97,44023.3
2851.97,44023.2
2851.97,44023.1
2851.98,44023.6
2851.98,44023.5
2851.98,44023.4
2851.99,44023.9
2851.99,44023.8
2851.99,44023.7
2852,44024.1
2852,44024.1
2852,44024
2852.01,44024.3
2852.01,44024.3
2852.01,44024.2
2852.02,44024.5
2852.02,44024.5
2852.02,44024.4
2852.03,44024.6
2852.03,44024.6
2852.03,44024.5
2852.04,44024.6
2852.04,44024.6
2852.04,44024.6
2852.05,44024.5
2852.05,44024.5
2852.05,44024.6
2852.05,44024.6
2852.06,44024.2
2852.06,44024.3
2852.06,44024.4
2852.07,44023.6
2852.07,44023.8
2852.07,44023.9
2852.07,44024.1
2852.08,44022.4
2852.08,44022.8
2852.08,44023.1
2852.08,44023.3
2852.09,44020.7
2852.09,44021.2
2852.09,44021.6
2852.09,44022
2852.1,44018
2852.1,44018.8
2852.1,44019.5
2852.1,44020.1
2852.11,44014.2
2852.11,44015.3
2852.11,44016.3
2852.11,44017.2
2852.12,44007.3
2852.12,44008.9
2852.12,44010.4
2852.12,44011.8
2852.12,44013.1
2852.13,43997.1
2852.13,43999.5
2852.13,44001.7
2852.13,44003.7
2852.13,44005.6
2852.14,43982.5
2852.14,43985.8
2852.14,43989
2852.14,43991.9
2852.14,43994.6
2852.15,43961.8
2852.15,43966.5
2852.15,43970.9
2852.15,43975
2852.15,43978.9
2852.16,43933.3
2852.16,43939.7
2852.16,43945.8
2852.16,43951.5
2852.16,43956.8
2852.17,43885.2
2852.17,43894.4
2852.17,43903.2
2852.17,43911.4
2852.17,43919.1
2852.17,43926.4
2852.18,43817.2
2852.18,43830.1
2852.18,43842.4
2852.18,43854
2852.18,43865
2852.18,43875.4
2852.19,43703.9
2852.19,43722.7
2852.19,43740.6
2852.19,43757.6
2852.19,43773.7
2852.19,43789
2852.19,43803.5
2852.2,43541.3
2852.2,43568.2
2852.2,43593.7
2852.2,43618
2852.2,43641.2
2852.2,43663.1
2852.2,43684
2852.21,43272.1
2852.21,43311.7
2852.21,43349.4
2852.21,43385.4
2852.21,43419.7
2852.21,43452.3
2852.21,43483.5
2852.21,43513.1
2852.22,42877.6
2852.22,42935.5
2852.22,42990.7
2852.22,43043.3
2852.22,43093.5
2852.22,43141.4
2852.22,43187
2852.22,43230.6
2852.23,42211.7
2852.23,42300.8
2852.23,42385.6
2852.23,42466.4
2852.23,42543.4
2852.23,42616.8
2852.23,42686.7
2852.23,42753.4
2852.23,42817
2852.24,41019.7
2852.24,41169.4
2852.24,41311.1
2852.24,41445.2
2852.24,41572.4
2852.24,41693
2852.24,41807.5
2852.24,41916.3
2852.24,42019.8
2852.24,42118.1
2852.25,38584.2
2852.25,38890.1
2852.25,39173.4
2852.25,39436.5
2852.25,39681.8
2852.25,39910.8
2852.25,40125.3
2852.25,40326.5
2852.25,40515.5
2852.25,40693.5
2852.25,40861.3
2852.26,30402.6
2852.26,31817.2
2852.26,32968
2852.26,33935.1
2852.26,34742
2852.26,35437.4
2852.26,36044.2
2852.26,36581.9
2852.26,37062.9
2852.26,37497.2
2852.26,37891.9
2852.26,38252.7
2852.27,9060.27
2852.27,28709
2852.27,26225.8
2852.27,28929.7
